account_id,customer_id,account_type,currency,balance
ACC0000001,CUST000222,Current,USD,3800329.55
ACC0000002,CUST007268,Nostro,USD,2237008.59
ACC0000003,CUST004444,Escrow,INR,86700.36
ACC0000004,CUST007778,Savings,AED,4058738.39
ACC0000005,CUST003121,Savings,USD,1625932.45
ACC0000006,CUST008884,Savings,USD,2404663.6
ACC0000007,CUST002695,Savings,USD,3603529.9
ACC0000008,CUST004401,Nostro,INR,578472.93
ACC0000009,CUST004522,Current,EUR,2469310.89
ACC0000010,CUST006047,Escrow,AED,4996072.35
ACC0000011,CUST007162,Current,INR,3491719.28
ACC0000012,CUST000827,Current,INR,4435990.62
ACC0000013,CUST009806,Current,INR,2648589.93
ACC0000014,CUST006246,Savings,GBP,2498138.74
ACC0000015,CUST003912,Savings,USD,4785356.36
ACC0000016,CUST008327,Current,GBP,280934.2
ACC0000017,CUST006468,Escrow,USD,431433.02
ACC0000018,CUST005244,Nostro,GBP,3380534.28
ACC0000019,CUST000784,Current,AED,2404848.31
ACC0000020,CUST008164,Nostro,EUR,1642807.31
ACC0000021,CUST003474,Current,AED,4644911.4
ACC0000022,CUST003660,Savings,USD,2456275.3
ACC0000023,CUST008807,Nostro,GBP,1280975.62
ACC0000024,CUST008782,Nostro,INR,527460.23
ACC0000025,CUST003245,Current,USD,2533013.83
ACC0000026,CUST004888,Current,AED,4704992.71
ACC0000027,CUST002900,Savings,USD,4755519.21
ACC0000028,CUST004585,Nostro,EUR,230148.67
ACC0000029,CUST007700,Escrow,USD,1143080.9
ACC0000030,CUST007982,Current,INR,236593.01
ACC0000031,CUST005921,Savings,EUR,221587.81
ACC0000032,CUST004826,Escrow,INR,919623.25
ACC0000033,CUST009464,Savings,INR,3135298.49
ACC0000034,CUST008750,Savings,EUR,825559.59
ACC0000035,CUST007873,Escrow,GBP,2092293.65
ACC0000036,CUST009796,Current,EUR,3476087.53
ACC0000037,CUST004927,Current,AED,2168563.04
ACC0000038,CUST006361,Current,AED,4848206.08
ACC0000039,CUST006296,Escrow,INR,425175.74
ACC0000040,CUST009112,Savings,AED,2886231.68
ACC0000041,CUST001425,Current,EUR,1566404.45
ACC0000042,CUST007058,Nostro,USD,1805547.31
ACC0000043,CUST003891,Current,AED,2465499.77
ACC0000044,CUST003658,Savings,EUR,991540.6
ACC0000045,CUST004291,Savings,AED,3147554.46
ACC0000046,CUST006686,Current,AED,3430373.94
ACC0000047,CUST001968,Escrow,GBP,3234113.16
ACC0000048,CUST008937,Escrow,USD,1252071.14
ACC0000049,CUST005197,Nostro,AED,4796978.81
ACC0000050,CUST004584,Savings,USD,143736.48
ACC0000051,CUST009303,Savings,GBP,3868902.14
ACC0000052,CUST008663,Savings,INR,54713.13
ACC0000053,CUST005730,Current,AED,3885596.07
ACC0000054,CUST006034,Escrow,USD,1270174.64
ACC0000055,CUST004749,Current,INR,2535032.74
ACC0000056,CUST005702,Savings,GBP,4905070.19
ACC0000057,CUST008952,Savings,INR,4468326.23
ACC0000058,CUST003055,Escrow,USD,4678944.47
ACC0000059,CUST007250,Savings,GBP,235891.88
ACC0000060,CUST009551,Savings,USD,4698752.79
ACC0000061,CUST008224,Current,AED,445127.25
ACC0000062,CUST007764,Current,EUR,2259863.5
ACC0000063,CUST001537,Current,INR,1129924.51
ACC0000064,CUST000713,Savings,INR,4821362.14
ACC0000065,CUST008052,Savings,EUR,330711.78
ACC0000066,CUST005094,Nostro,EUR,3784410.22
ACC0000067,CUST004288,Current,EUR,3133330.49
ACC0000068,CUST001088,Nostro,AED,29324.68
ACC0000069,CUST001019,Current,INR,4382439.54
ACC0000070,CUST001479,Savings,USD,295374.54
ACC0000071,CUST002761,Current,GBP,4122848.86
ACC0000072,CUST009647,Current,GBP,4578587.05
ACC0000073,CUST001306,Current,USD,4173387.81
ACC0000074,CUST009351,Savings,INR,1776449.11
ACC0000075,CUST009152,Current,AED,750402.92
ACC0000076,CUST008062,Savings,GBP,1443297.03
ACC0000077,CUST007345,Escrow,GBP,1611856.53
ACC0000078,CUST001237,Nostro,EUR,2804596.77
ACC0000079,CUST001617,Nostro,AED,3721883.19
ACC0000080,CUST003213,Savings,EUR,4720083.02
ACC0000081,CUST007261,Nostro,EUR,4419865.22
ACC0000082,CUST009676,Current,GBP,2576958.18
ACC0000083,CUST001945,Savings,AED,3769521.5
ACC0000084,CUST008371,Savings,USD,4715597.41
ACC0000085,CUST002152,Escrow,GBP,2110595.3
ACC0000086,CUST009283,Escrow,AED,3175465.13
ACC0000087,CUST009514,Escrow,AED,4434609.6
ACC0000088,CUST002222,Escrow,EUR,2057438.62
ACC0000089,CUST009508,Current,EUR,3648413.88
ACC0000090,CUST009406,Savings,EUR,4346528.16
ACC0000091,CUST000440,Escrow,EUR,1775759.92
ACC0000092,CUST004857,Escrow,GBP,4199448.89
ACC0000093,CUST007372,Escrow,GBP,3002515.67
ACC0000094,CUST007602,Escrow,EUR,2412254.52
ACC0000095,CUST008307,Current,INR,4512296.83
ACC0000096,CUST005212,Current,EUR,2622628.19
ACC0000097,CUST003149,Savings,EUR,1175393.85
ACC0000098,CUST003670,Savings,GBP,2338397.06
ACC0000099,CUST004629,Current,USD,2170301.2
ACC0000100,CUST009215,Escrow,GBP,2244262.66
ACC0000101,CUST007320,Savings,AED,4523577.99
ACC0000102,CUST006031,Nostro,EUR,15601.59
ACC0000103,CUST005889,Savings,INR,4865267.51
ACC0000104,CUST003443,Savings,INR,1243099.57
ACC0000105,CUST000050,Nostro,AED,3990904.63
ACC0000106,CUST009183,Savings,AED,2626673.85
ACC0000107,CUST000247,Savings,USD,2942318.76
ACC0000108,CUST005678,Nostro,EUR,1992055.36
ACC0000109,CUST003572,Current,AED,2613351.86
ACC0000110,CUST003528,Escrow,INR,2193466.28
ACC0000111,CUST009538,Current,AED,3918617.92
ACC0000112,CUST000167,Escrow,USD,942522.57
ACC0000113,CUST001362,Nostro,GBP,1124628.03
ACC0000114,CUST005023,Nostro,AED,394140.73
ACC0000115,CUST008062,Nostro,EUR,15761.27
ACC0000116,CUST008945,Nostro,AED,3712943.85
ACC0000117,CUST007996,Current,INR,3516454.18
ACC0000118,CUST002595,Nostro,AED,2642391.36
ACC0000119,CUST005181,Escrow,USD,1280868.86
ACC0000120,CUST006923,Nostro,INR,4849626.43
ACC0000121,CUST004107,Current,EUR,4667449.11
ACC0000122,CUST006420,Escrow,USD,1330350.25
ACC0000123,CUST008282,Escrow,USD,2798436.1
ACC0000124,CUST008069,Current,INR,4452094.61
ACC0000125,CUST004041,Savings,INR,1861240.91
ACC0000126,CUST006524,Escrow,EUR,309796.69
ACC0000127,CUST001256,Escrow,INR,2324103.56
ACC0000128,CUST000119,Nostro,GBP,3579202.63
ACC0000129,CUST009377,Savings,INR,2381892.18
ACC0000130,CUST001287,Current,USD,862783.53
ACC0000131,CUST003970,Current,AED,2913320.83
ACC0000132,CUST006515,Current,GBP,175217.13
ACC0000133,CUST005120,Escrow,INR,4340285.99
ACC0000134,CUST001473,Escrow,USD,1477172.17
ACC0000135,CUST007905,Nostro,INR,1394488.73
ACC0000136,CUST005660,Nostro,GBP,1638646.69
ACC0000137,CUST003004,Savings,USD,4668057.94
ACC0000138,CUST005575,Nostro,AED,375433.89
ACC0000139,CUST004943,Current,GBP,3279572.69
ACC0000140,CUST006655,Savings,INR,3451426.53
ACC0000141,CUST006257,Savings,USD,2562899.0
ACC0000142,CUST005042,Escrow,GBP,95871.31
ACC0000143,CUST007315,Nostro,GBP,1044357.37
ACC0000144,CUST002939,Nostro,INR,321974.04
ACC0000145,CUST009285,Current,EUR,1829778.44
ACC0000146,CUST006515,Nostro,EUR,98891.61
ACC0000147,CUST006437,Escrow,AED,2135301.36
ACC0000148,CUST007863,Escrow,AED,3125509.56
ACC0000149,CUST003408,Nostro,INR,1545036.18
ACC0000150,CUST005607,Savings,GBP,4741139.55
ACC0000151,CUST004514,Escrow,GBP,3854509.4
ACC0000152,CUST001063,Nostro,USD,1730826.81
ACC0000153,CUST000402,Current,GBP,982076.21
ACC0000154,CUST005754,Current,AED,1386797.88
ACC0000155,CUST006204,Savings,AED,767505.63
ACC0000156,CUST004219,Escrow,GBP,492084.84
ACC0000157,CUST003350,Savings,EUR,429437.92
ACC0000158,CUST000566,Nostro,AED,3277612.68
ACC0000159,CUST001700,Savings,EUR,3829732.86
ACC0000160,CUST004592,Savings,AED,1326773.13
ACC0000161,CUST007735,Current,AED,2804795.85
ACC0000162,CUST009435,Savings,INR,1812180.06
ACC0000163,CUST009924,Current,EUR,4294190.11
ACC0000164,CUST003918,Savings,USD,4091273.42
ACC0000165,CUST006407,Savings,GBP,2912870.28
ACC0000166,CUST003605,Savings,AED,2142765.48
ACC0000167,CUST008022,Current,INR,4911783.54
ACC0000168,CUST009954,Savings,GBP,4893046.98
ACC0000169,CUST001772,Savings,AED,3846619.62
ACC0000170,CUST003472,Current,INR,2138329.7
ACC0000171,CUST003916,Current,AED,1059633.99
ACC0000172,CUST002785,Nostro,GBP,580132.46
ACC0000173,CUST008092,Current,EUR,2251000.09
ACC0000174,CUST002005,Escrow,INR,2457523.39
ACC0000175,CUST001399,Current,EUR,703654.2
ACC0000176,CUST002447,Savings,USD,4729683.8
ACC0000177,CUST005346,Current,USD,3658407.59
ACC0000178,CUST005921,Savings,INR,4528810.8
ACC0000179,CUST004051,Nostro,EUR,838259.62
ACC0000180,CUST008904,Escrow,USD,3591926.82
ACC0000181,CUST005801,Current,GBP,3593861.01
ACC0000182,CUST000460,Nostro,INR,1332660.36
ACC0000183,CUST007313,Escrow,INR,3780337.24
ACC0000184,CUST007031,Savings,AED,3331125.56
ACC0000185,CUST008819,Savings,INR,2681046.47
ACC0000186,CUST002107,Nostro,GBP,1931135.33
ACC0000187,CUST002639,Current,EUR,973357.8
ACC0000188,CUST002133,Escrow,INR,1060063.01
ACC0000189,CUST007068,Nostro,EUR,4390806.43
ACC0000190,CUST002319,Savings,USD,4531117.23
ACC0000191,CUST002264,Nostro,USD,4280461.08
ACC0000192,CUST003277,Escrow,AED,3625338.81
ACC0000193,CUST006435,Current,USD,1702357.61
ACC0000194,CUST001705,Nostro,GBP,4996045.33
ACC0000195,CUST008544,Escrow,AED,1400929.53
ACC0000196,CUST005689,Current,GBP,1291192.11
ACC0000197,CUST004638,Current,EUR,2121580.24
ACC0000198,CUST003520,Nostro,GBP,390261.28
ACC0000199,CUST005640,Escrow,AED,1498086.49
ACC0000200,CUST000551,Escrow,GBP,912938.94
ACC0000201,CUST005732,Savings,USD,2895343.77
ACC0000202,CUST002101,Nostro,GBP,4179227.04
ACC0000203,CUST008809,Savings,GBP,3634480.17
ACC0000204,CUST001945,Nostro,GBP,4595365.76
ACC0000205,CUST009014,Escrow,EUR,1591013.07
ACC0000206,CUST004323,Escrow,USD,3585135.49
ACC0000207,CUST001981,Nostro,EUR,138430.61
ACC0000208,CUST007012,Escrow,USD,1731711.85
ACC0000209,CUST000009,Current,EUR,4694339.77
ACC0000210,CUST003068,Current,GBP,976349.33
ACC0000211,CUST007350,Escrow,INR,1295612.17
ACC0000212,CUST004674,Escrow,USD,1409117.72
ACC0000213,CUST004102,Savings,EUR,586197.29
ACC0000214,CUST002817,Savings,INR,1613947.08
ACC0000215,CUST006963,Savings,INR,4300374.99
ACC0000216,CUST009170,Current,AED,878391.19
ACC0000217,CUST007765,Current,AED,2507931.84
ACC0000218,CUST002990,Savings,INR,2901571.7
ACC0000219,CUST002120,Nostro,USD,3130763.45
ACC0000220,CUST000065,Nostro,USD,978052.84
ACC0000221,CUST005661,Nostro,EUR,2824729.38
ACC0000222,CUST003467,Current,USD,2449736.94
ACC0000223,CUST009520,Savings,AED,4229440.6
ACC0000224,CUST009507,Current,USD,1576080.4
ACC0000225,CUST000373,Current,USD,847292.32
ACC0000226,CUST009793,Savings,GBP,4187705.23
ACC0000227,CUST009375,Savings,GBP,3944226.95
ACC0000228,CUST004107,Savings,USD,2156333.74
ACC0000229,CUST000557,Savings,USD,4203777.04
ACC0000230,CUST004910,Current,AED,22700.06
ACC0000231,CUST007665,Escrow,INR,63239.28
ACC0000232,CUST007884,Current,EUR,529452.84
ACC0000233,CUST005688,Current,EUR,2710697.59
ACC0000234,CUST002432,Nostro,EUR,68009.61
ACC0000235,CUST008358,Nostro,AED,808673.39
ACC0000236,CUST000819,Nostro,INR,4730369.61
ACC0000237,CUST001381,Savings,USD,3230759.75
ACC0000238,CUST008360,Escrow,EUR,4811764.04
ACC0000239,CUST000353,Escrow,GBP,2889449.12
ACC0000240,CUST001796,Current,EUR,550345.48
ACC0000241,CUST009548,Current,USD,2029074.88
ACC0000242,CUST008206,Escrow,USD,2356429.96
ACC0000243,CUST005635,Current,INR,730381.97
ACC0000244,CUST009867,Escrow,AED,1396781.68
ACC0000245,CUST003339,Nostro,USD,3493395.78
ACC0000246,CUST009247,Escrow,AED,4605512.53
ACC0000247,CUST006986,Escrow,INR,1676384.32
ACC0000248,CUST003017,Nostro,AED,4615649.42
ACC0000249,CUST009748,Nostro,EUR,409064.95
ACC0000250,CUST009528,Nostro,EUR,3357667.36
ACC0000251,CUST008138,Current,INR,2338916.06
ACC0000252,CUST001447,Current,INR,1161284.55
ACC0000253,CUST003091,Savings,EUR,4073929.43
ACC0000254,CUST005724,Savings,INR,3127766.0
ACC0000255,CUST007704,Savings,USD,1328898.54
ACC0000256,CUST005545,Current,GBP,1603009.11
ACC0000257,CUST008902,Escrow,EUR,1238391.86
ACC0000258,CUST001806,Nostro,USD,2710080.97
ACC0000259,CUST000926,Escrow,INR,321967.53
ACC0000260,CUST004980,Savings,INR,562575.33
ACC0000261,CUST008552,Nostro,AED,1284320.05
ACC0000262,CUST001879,Savings,EUR,1626546.13
ACC0000263,CUST009514,Nostro,INR,2379570.68
ACC0000264,CUST003814,Escrow,EUR,2115524.75
ACC0000265,CUST008991,Current,GBP,1115531.34
ACC0000266,CUST003572,Escrow,GBP,116466.08
ACC0000267,CUST000011,Current,AED,2734314.6
ACC0000268,CUST001919,Current,INR,4485548.72
ACC0000269,CUST004064,Savings,USD,1368877.78
ACC0000270,CUST004447,Savings,USD,1922500.67
ACC0000271,CUST004351,Nostro,INR,3330301.31
ACC0000272,CUST009960,Current,AED,2435849.51
ACC0000273,CUST005413,Nostro,INR,4954253.37
ACC0000274,CUST009800,Current,GBP,1425350.92
ACC0000275,CUST003907,Escrow,AED,2790472.23
ACC0000276,CUST000669,Savings,GBP,1836243.61
ACC0000277,CUST004204,Savings,INR,4873360.02
ACC0000278,CUST004647,Nostro,INR,2622799.42
ACC0000279,CUST009967,Current,INR,4779788.45
ACC0000280,CUST006823,Nostro,EUR,3066316.95
ACC0000281,CUST001531,Savings,USD,4672169.35
ACC0000282,CUST003124,Current,EUR,2353455.67
ACC0000283,CUST002760,Escrow,EUR,1440670.62
ACC0000284,CUST003894,Current,EUR,1735251.2
ACC0000285,CUST005518,Current,EUR,1390806.71
ACC0000286,CUST008453,Current,INR,1877860.92
ACC0000287,CUST001807,Current,AED,523234.45
ACC0000288,CUST006158,Nostro,INR,88783.93
ACC0000289,CUST005342,Savings,INR,2701770.56
ACC0000290,CUST005377,Savings,EUR,1446872.03
ACC0000291,CUST004449,Nostro,GBP,3564125.72
ACC0000292,CUST003207,Savings,INR,2626390.44
ACC0000293,CUST007121,Escrow,GBP,1280798.26
ACC0000294,CUST009253,Savings,GBP,4593361.21
ACC0000295,CUST008357,Current,USD,3844924.42
ACC0000296,CUST006723,Current,INR,2345072.15
ACC0000297,CUST009141,Escrow,USD,879594.64
ACC0000298,CUST001326,Escrow,INR,3141078.18
ACC0000299,CUST003571,Current,EUR,3137634.45
ACC0000300,CUST008606,Current,EUR,3693042.59
ACC0000301,CUST002107,Savings,USD,1635640.43
ACC0000302,CUST008702,Current,INR,3234293.35
ACC0000303,CUST001906,Savings,EUR,2317087.87
ACC0000304,CUST001614,Nostro,INR,2727820.02
ACC0000305,CUST007371,Nostro,GBP,634505.19
ACC0000306,CUST006374,Escrow,EUR,3916057.52
ACC0000307,CUST000319,Current,GBP,4349159.0
ACC0000308,CUST002277,Nostro,AED,2219096.63
ACC0000309,CUST006739,Nostro,EUR,462769.94
ACC0000310,CUST005548,Nostro,GBP,4372625.49
ACC0000311,CUST008931,Nostro,EUR,2841105.48
ACC0000312,CUST005782,Current,AED,1955031.74
ACC0000313,CUST004166,Current,INR,4931808.48
ACC0000314,CUST004336,Current,AED,4784227.62
ACC0000315,CUST005485,Nostro,GBP,1556650.55
ACC0000316,CUST009363,Escrow,USD,3246003.19
ACC0000317,CUST006130,Savings,INR,2105308.83
ACC0000318,CUST004034,Escrow,USD,3970883.69
ACC0000319,CUST000789,Escrow,EUR,1952176.65
ACC0000320,CUST006592,Escrow,GBP,3507998.76
ACC0000321,CUST004207,Nostro,USD,71021.67
ACC0000322,CUST003943,Current,GBP,2404341.77
ACC0000323,CUST009728,Escrow,INR,2022208.09
ACC0000324,CUST005688,Current,INR,4989836.53
ACC0000325,CUST004546,Nostro,INR,3978616.99
ACC0000326,CUST007171,Savings,EUR,1119079.63
ACC0000327,CUST000699,Escrow,AED,244526.44
ACC0000328,CUST001687,Savings,USD,2297874.22
ACC0000329,CUST006856,Escrow,USD,1031982.84
ACC0000330,CUST009950,Savings,GBP,901460.83
ACC0000331,CUST006874,Current,INR,2305831.27
ACC0000332,CUST007331,Savings,EUR,1716886.62
ACC0000333,CUST008273,Current,USD,636304.94
ACC0000334,CUST007121,Current,USD,1677664.29
ACC0000335,CUST004260,Savings,EUR,4602157.02
ACC0000336,CUST000090,Current,AED,640492.55
ACC0000337,CUST003314,Savings,INR,258133.79
ACC0000338,CUST005314,Savings,INR,1377419.8
ACC0000339,CUST006539,Escrow,GBP,85858.57
ACC0000340,CUST007425,Current,AED,4620508.57
ACC0000341,CUST006099,Savings,USD,566407.86
ACC0000342,CUST001271,Nostro,EUR,1475443.87
ACC0000343,CUST008309,Savings,GBP,4250741.82
ACC0000344,CUST002912,Escrow,GBP,967036.73
ACC0000345,CUST001745,Nostro,AED,4668185.85
ACC0000346,CUST003880,Savings,EUR,1438801.22
ACC0000347,CUST002469,Current,GBP,750985.51
ACC0000348,CUST009617,Escrow,GBP,1819537.33
ACC0000349,CUST008535,Escrow,INR,1891344.49
ACC0000350,CUST003181,Savings,INR,1037855.81
ACC0000351,CUST002173,Savings,INR,2170500.53
ACC0000352,CUST009046,Current,EUR,16118.88
ACC0000353,CUST008387,Savings,INR,4159174.45
ACC0000354,CUST005479,Nostro,EUR,1314655.68
ACC0000355,CUST001436,Savings,GBP,502601.15
ACC0000356,CUST001702,Savings,USD,1452185.35
ACC0000357,CUST001278,Escrow,AED,3566844.97
ACC0000358,CUST009714,Nostro,GBP,4968922.44
ACC0000359,CUST005602,Nostro,EUR,4477577.58
ACC0000360,CUST006361,Escrow,USD,1719442.21
ACC0000361,CUST006734,Escrow,INR,512538.91
ACC0000362,CUST002013,Savings,INR,1141159.3
ACC0000363,CUST006010,Escrow,GBP,611145.13
ACC0000364,CUST007281,Nostro,EUR,1722875.72
ACC0000365,CUST002830,Savings,INR,237015.4
ACC0000366,CUST002138,Savings,GBP,4890170.4
ACC0000367,CUST002115,Savings,EUR,458260.45
ACC0000368,CUST006309,Nostro,USD,4940241.9
ACC0000369,CUST003156,Nostro,INR,4055552.41
ACC0000370,CUST007400,Savings,INR,330774.34
ACC0000371,CUST005190,Savings,AED,808877.95
ACC0000372,CUST000143,Savings,INR,2108653.11
ACC0000373,CUST007720,Escrow,GBP,628852.02
ACC0000374,CUST001911,Current,EUR,4600913.23
ACC0000375,CUST004024,Current,INR,389426.41
ACC0000376,CUST001880,Current,GBP,1962108.08
ACC0000377,CUST000788,Nostro,USD,3241674.43
ACC0000378,CUST000768,Nostro,AED,1702376.67
ACC0000379,CUST006342,Escrow,AED,4053916.68
ACC0000380,CUST005676,Current,INR,1001580.72
ACC0000381,CUST009785,Nostro,USD,2361147.29
ACC0000382,CUST002976,Savings,EUR,3862708.17
ACC0000383,CUST008673,Savings,AED,4529247.73
ACC0000384,CUST009838,Current,USD,1703004.8
ACC0000385,CUST003514,Savings,GBP,1339659.21
ACC0000386,CUST008910,Current,EUR,3864876.23
ACC0000387,CUST006705,Escrow,GBP,2313524.73
ACC0000388,CUST006536,Nostro,GBP,1067085.12
ACC0000389,CUST005776,Savings,AED,2834310.13
ACC0000390,CUST004200,Escrow,USD,3812945.22
ACC0000391,CUST002723,Nostro,GBP,3418819.01
ACC0000392,CUST004247,Escrow,GBP,2910037.62
ACC0000393,CUST001079,Current,EUR,170800.06
ACC0000394,CUST008345,Nostro,EUR,2720885.84
ACC0000395,CUST001975,Savings,USD,817189.2
ACC0000396,CUST004368,Nostro,AED,3991705.63
ACC0000397,CUST004562,Escrow,GBP,2679571.31
ACC0000398,CUST008606,Nostro,EUR,3891622.8
ACC0000399,CUST005086,Nostro,GBP,402339.65
ACC0000400,CUST004301,Savings,INR,3146791.14
ACC0000401,CUST007594,Savings,AED,3714818.87
ACC0000402,CUST001525,Nostro,USD,1897480.63
ACC0000403,CUST000909,Escrow,INR,1097477.64
ACC0000404,CUST009492,Current,GBP,1171917.43
ACC0000405,CUST008767,Savings,EUR,2016399.68
ACC0000406,CUST004615,Escrow,INR,4709158.93
ACC0000407,CUST002168,Savings,AED,1758306.1
ACC0000408,CUST004325,Nostro,USD,4481661.91
ACC0000409,CUST009357,Current,USD,2207732.03
ACC0000410,CUST000172,Escrow,EUR,2207279.62
ACC0000411,CUST003568,Current,AED,4812720.32
ACC0000412,CUST007551,Current,USD,4264756.76
ACC0000413,CUST003504,Nostro,EUR,2796758.61
ACC0000414,CUST002637,Current,EUR,1718634.08
ACC0000415,CUST003476,Current,AED,436516.33
ACC0000416,CUST009539,Savings,AED,4663166.12
ACC0000417,CUST008471,Current,AED,4202872.58
ACC0000418,CUST003454,Nostro,INR,2212339.19
ACC0000419,CUST008198,Nostro,AED,3192994.97
ACC0000420,CUST005274,Nostro,INR,1816551.29
ACC0000421,CUST006410,Current,GBP,470070.31
ACC0000422,CUST001420,Nostro,EUR,665995.06
ACC0000423,CUST008229,Nostro,EUR,3847904.65
ACC0000424,CUST006668,Savings,INR,2347660.68
ACC0000425,CUST006434,Savings,EUR,4377788.5
ACC0000426,CUST002903,Nostro,USD,4090198.76
ACC0000427,CUST002018,Nostro,GBP,4358791.1
ACC0000428,CUST006710,Nostro,INR,3547451.03
ACC0000429,CUST004400,Escrow,GBP,1018407.56
ACC0000430,CUST000574,Current,GBP,1298326.51
ACC0000431,CUST003481,Savings,AED,1308417.69
ACC0000432,CUST005314,Nostro,GBP,3998671.22
ACC0000433,CUST001463,Savings,USD,699396.3
ACC0000434,CUST008540,Nostro,AED,501111.82
ACC0000435,CUST001293,Savings,INR,4798221.26
ACC0000436,CUST009940,Savings,INR,2768596.11
ACC0000437,CUST008527,Savings,INR,4985994.67
ACC0000438,CUST002491,Savings,USD,3561401.86
ACC0000439,CUST002703,Nostro,INR,4047158.31
ACC0000440,CUST006992,Escrow,AED,2193620.25
ACC0000441,CUST006617,Savings,AED,794943.18
ACC0000442,CUST002698,Escrow,EUR,2242108.93
ACC0000443,CUST000990,Current,INR,2991884.35
ACC0000444,CUST007879,Escrow,USD,1639047.85
ACC0000445,CUST004811,Escrow,USD,1827053.83
ACC0000446,CUST009793,Nostro,AED,91601.24
ACC0000447,CUST001889,Savings,INR,1087324.15
ACC0000448,CUST005447,Savings,INR,591266.08
ACC0000449,CUST005540,Savings,GBP,3423013.34
ACC0000450,CUST003253,Escrow,GBP,1944501.19
ACC0000451,CUST009528,Savings,EUR,308147.42
ACC0000452,CUST007792,Nostro,EUR,1492562.57
ACC0000453,CUST000375,Savings,INR,1339740.27
ACC0000454,CUST002876,Savings,INR,370670.32
ACC0000455,CUST004266,Nostro,EUR,903122.93
ACC0000456,CUST005686,Nostro,GBP,4903449.95
ACC0000457,CUST002667,Current,EUR,4052441.19
ACC0000458,CUST009038,Nostro,GBP,1586395.62
ACC0000459,CUST002526,Escrow,AED,1426064.24
ACC0000460,CUST006020,Current,GBP,4835006.31
ACC0000461,CUST003417,Escrow,INR,2313177.93
ACC0000462,CUST002438,Nostro,AED,2883234.28
ACC0000463,CUST009503,Savings,AED,3171518.51
ACC0000464,CUST009160,Escrow,EUR,2527443.08
ACC0000465,CUST008658,Current,INR,156195.28
ACC0000466,CUST005580,Savings,AED,1722746.99
ACC0000467,CUST005106,Savings,INR,1570396.33
ACC0000468,CUST003463,Escrow,INR,4742827.89
ACC0000469,CUST001567,Escrow,USD,3263216.36
ACC0000470,CUST000293,Escrow,USD,2483259.19
ACC0000471,CUST004272,Savings,INR,225886.98
ACC0000472,CUST005727,Current,USD,3249337.28
ACC0000473,CUST004814,Current,EUR,2850836.56
ACC0000474,CUST003716,Escrow,EUR,3671069.97
ACC0000475,CUST008399,Current,INR,4655263.45
ACC0000476,CUST008321,Nostro,AED,501944.33
ACC0000477,CUST005703,Current,GBP,4321474.09
ACC0000478,CUST002797,Nostro,AED,3785713.1
ACC0000479,CUST008565,Nostro,INR,1541916.12
ACC0000480,CUST005035,Escrow,INR,1301757.11
ACC0000481,CUST008393,Escrow,EUR,4074110.4
ACC0000482,CUST005723,Current,GBP,3490798.76
ACC0000483,CUST006564,Savings,USD,2957875.78
ACC0000484,CUST003270,Escrow,AED,169836.42
ACC0000485,CUST001034,Escrow,AED,2617731.24
ACC0000486,CUST000226,Nostro,EUR,4234000.51
ACC0000487,CUST003861,Savings,INR,3903596.78
ACC0000488,CUST009533,Nostro,EUR,3872466.78
ACC0000489,CUST009771,Current,GBP,512823.73
ACC0000490,CUST005152,Savings,AED,1510242.81
ACC0000491,CUST007656,Escrow,EUR,4107169.02
ACC0000492,CUST007483,Nostro,INR,2167408.68
ACC0000493,CUST003966,Escrow,GBP,4588218.29
ACC0000494,CUST006146,Escrow,AED,1717993.01
ACC0000495,CUST006868,Savings,EUR,507096.28
ACC0000496,CUST004859,Savings,EUR,340787.54
ACC0000497,CUST001861,Current,EUR,4025690.6
ACC0000498,CUST006047,Nostro,USD,1553901.38
ACC0000499,CUST008098,Current,EUR,2611007.21
ACC0000500,CUST004929,Escrow,AED,820108.75
ACC0000501,CUST006665,Savings,GBP,3660628.51
ACC0000502,CUST003343,Savings,GBP,439475.19
ACC0000503,CUST002009,Current,INR,828071.9
ACC0000504,CUST009121,Savings,INR,3924842.5
ACC0000505,CUST009366,Current,GBP,383277.8
ACC0000506,CUST001390,Current,USD,227707.16
ACC0000507,CUST001339,Escrow,GBP,2337343.49
ACC0000508,CUST009177,Current,GBP,3432878.69
ACC0000509,CUST009317,Escrow,INR,4970214.42
ACC0000510,CUST004491,Savings,USD,3893641.56
ACC0000511,CUST000926,Savings,INR,864478.59
ACC0000512,CUST005278,Savings,GBP,4279277.8
ACC0000513,CUST007829,Current,AED,4842421.45
ACC0000514,CUST008161,Current,AED,902617.4
ACC0000515,CUST008478,Nostro,EUR,1346491.5
ACC0000516,CUST003164,Escrow,GBP,818338.49
ACC0000517,CUST004498,Savings,GBP,3394882.4
ACC0000518,CUST000996,Savings,EUR,3122800.46
ACC0000519,CUST001771,Nostro,GBP,1992723.56
ACC0000520,CUST007150,Savings,INR,2419214.18
ACC0000521,CUST002856,Escrow,USD,658142.61
ACC0000522,CUST003859,Current,AED,3239931.0
ACC0000523,CUST000418,Escrow,USD,1040826.02
ACC0000524,CUST004958,Nostro,GBP,1153289.47
ACC0000525,CUST007201,Nostro,INR,2744914.79
ACC0000526,CUST009332,Current,USD,4772069.25
ACC0000527,CUST005279,Escrow,AED,2508311.1
ACC0000528,CUST002268,Nostro,GBP,10130.74
ACC0000529,CUST002518,Escrow,AED,1001224.06
ACC0000530,CUST002161,Escrow,AED,4847730.95
ACC0000531,CUST004521,Nostro,INR,3423414.25
ACC0000532,CUST004806,Escrow,AED,276625.41
ACC0000533,CUST004692,Escrow,GBP,410186.21
ACC0000534,CUST003842,Escrow,AED,834106.29
ACC0000535,CUST000294,Escrow,INR,4479523.18
ACC0000536,CUST002117,Savings,AED,733192.85
ACC0000537,CUST000267,Current,USD,2970574.9
ACC0000538,CUST008788,Current,EUR,3189501.5
ACC0000539,CUST009049,Savings,GBP,2109957.19
ACC0000540,CUST005137,Savings,INR,3048290.53
ACC0000541,CUST002446,Savings,USD,605154.88
ACC0000542,CUST008422,Current,EUR,3117339.43
ACC0000543,CUST003356,Nostro,AED,4096488.42
ACC0000544,CUST002860,Savings,USD,832510.8
ACC0000545,CUST002354,Savings,GBP,1295593.64
ACC0000546,CUST004390,Current,EUR,4248371.23
ACC0000547,CUST008451,Savings,AED,2625443.25
ACC0000548,CUST001335,Nostro,AED,2920745.6
ACC0000549,CUST009747,Nostro,AED,4688115.12
ACC0000550,CUST002733,Savings,USD,3428977.0
ACC0000551,CUST003139,Savings,USD,2510810.44
ACC0000552,CUST004934,Escrow,EUR,597747.79
ACC0000553,CUST009564,Escrow,INR,227463.58
ACC0000554,CUST001537,Escrow,USD,733961.11
ACC0000555,CUST001818,Savings,USD,2230741.47
ACC0000556,CUST005211,Savings,INR,3895823.9
ACC0000557,CUST005649,Nostro,GBP,1287147.55
ACC0000558,CUST002151,Savings,EUR,139921.35
ACC0000559,CUST000841,Nostro,AED,4540711.48
ACC0000560,CUST008068,Nostro,GBP,826916.73
ACC0000561,CUST002869,Nostro,AED,3414668.25
ACC0000562,CUST007413,Savings,INR,1092282.13
ACC0000563,CUST004147,Nostro,INR,2623530.78
ACC0000564,CUST007176,Nostro,USD,725716.04
ACC0000565,CUST000826,Current,EUR,3293887.87
ACC0000566,CUST009024,Savings,INR,3195478.04
ACC0000567,CUST007449,Escrow,USD,4774648.82
ACC0000568,CUST006256,Escrow,GBP,4771518.63
ACC0000569,CUST005829,Escrow,EUR,4774870.52
ACC0000570,CUST005197,Escrow,USD,1131813.86
ACC0000571,CUST005446,Savings,AED,1059753.21
ACC0000572,CUST009664,Current,USD,1233602.72
ACC0000573,CUST009702,Nostro,INR,1632946.23
ACC0000574,CUST009735,Nostro,EUR,1899388.65
ACC0000575,CUST001717,Savings,EUR,4695590.58
ACC0000576,CUST008594,Current,USD,3715805.31
ACC0000577,CUST000720,Escrow,AED,3160106.61
ACC0000578,CUST002536,Nostro,AED,180375.42
ACC0000579,CUST009412,Nostro,USD,799901.15
ACC0000580,CUST002177,Escrow,GBP,2133749.27
ACC0000581,CUST007371,Savings,EUR,756563.29
ACC0000582,CUST001293,Escrow,INR,318677.67
ACC0000583,CUST007311,Nostro,GBP,1665052.09
ACC0000584,CUST006414,Escrow,EUR,4362556.43
ACC0000585,CUST007863,Savings,GBP,559850.16
ACC0000586,CUST006859,Escrow,GBP,4332564.29
ACC0000587,CUST004267,Current,EUR,4746006.54
ACC0000588,CUST006531,Escrow,EUR,2597070.93
ACC0000589,CUST008442,Current,USD,91228.37
ACC0000590,CUST002715,Nostro,AED,4243793.8
ACC0000591,CUST003590,Current,INR,2800516.93
ACC0000592,CUST003676,Nostro,INR,4491572.92
ACC0000593,CUST007862,Current,GBP,3534436.48
ACC0000594,CUST000300,Savings,AED,3127112.32
ACC0000595,CUST000898,Savings,AED,4716004.85
ACC0000596,CUST000161,Savings,GBP,1347729.57
ACC0000597,CUST001728,Savings,EUR,3678416.17
ACC0000598,CUST001792,Savings,AED,1846055.65
ACC0000599,CUST000473,Nostro,AED,4496495.47
ACC0000600,CUST008937,Current,AED,2705808.45
ACC0000601,CUST005980,Escrow,USD,691065.96
ACC0000602,CUST002907,Savings,EUR,2626151.92
ACC0000603,CUST009674,Savings,AED,1176812.38
ACC0000604,CUST009422,Escrow,USD,4371181.12
ACC0000605,CUST001543,Current,EUR,893006.99
ACC0000606,CUST004530,Escrow,EUR,2809189.37
ACC0000607,CUST003220,Current,USD,2714443.65
ACC0000608,CUST006349,Current,AED,3772922.85
ACC0000609,CUST008935,Escrow,EUR,195811.91
ACC0000610,CUST006224,Escrow,GBP,1363192.32
ACC0000611,CUST004491,Current,INR,2728767.76
ACC0000612,CUST001342,Current,INR,1715570.19
ACC0000613,CUST002728,Escrow,USD,1614985.2
ACC0000614,CUST007527,Savings,INR,3682847.14
ACC0000615,CUST008260,Current,AED,2471897.01
ACC0000616,CUST005529,Nostro,USD,4271451.76
ACC0000617,CUST000271,Savings,USD,3203437.1
ACC0000618,CUST007789,Savings,EUR,3456634.18
ACC0000619,CUST006101,Savings,INR,3436386.25
ACC0000620,CUST002754,Escrow,USD,1207295.32
ACC0000621,CUST001976,Nostro,USD,1436283.82
ACC0000622,CUST006326,Escrow,USD,2710927.7
ACC0000623,CUST006848,Escrow,EUR,3785585.56
ACC0000624,CUST009548,Escrow,USD,2325886.65
ACC0000625,CUST007638,Current,AED,2544888.21
ACC0000626,CUST004508,Escrow,INR,1763014.69
ACC0000627,CUST004935,Escrow,GBP,3192265.03
ACC0000628,CUST007215,Nostro,INR,3068967.11
ACC0000629,CUST008819,Savings,GBP,3453491.01
ACC0000630,CUST008749,Escrow,AED,2520078.5
ACC0000631,CUST001538,Escrow,GBP,3783319.83
ACC0000632,CUST006563,Savings,AED,629573.48
ACC0000633,CUST001530,Escrow,EUR,3759523.35
ACC0000634,CUST006384,Current,GBP,1207545.1
ACC0000635,CUST009782,Current,AED,4549814.19
ACC0000636,CUST001400,Current,INR,160277.39
ACC0000637,CUST007716,Savings,INR,4959975.01
ACC0000638,CUST008494,Savings,EUR,1017201.31
ACC0000639,CUST004099,Current,AED,2700201.03
ACC0000640,CUST000781,Savings,USD,930256.44
ACC0000641,CUST000927,Current,AED,994730.33
ACC0000642,CUST002460,Savings,EUR,4864012.34
ACC0000643,CUST004231,Nostro,GBP,1325819.43
ACC0000644,CUST005735,Nostro,GBP,4560955.4
ACC0000645,CUST002627,Escrow,AED,4568273.48
ACC0000646,CUST009826,Savings,GBP,1413810.3
ACC0000647,CUST007176,Escrow,INR,2278288.72
ACC0000648,CUST000389,Escrow,EUR,2790493.67
ACC0000649,CUST007363,Nostro,USD,4336586.41
ACC0000650,CUST006160,Current,USD,2362185.94
ACC0000651,CUST009983,Savings,USD,2263493.16
ACC0000652,CUST001400,Savings,GBP,4883570.5
ACC0000653,CUST009914,Savings,INR,2723254.14
ACC0000654,CUST008484,Escrow,AED,145892.95
ACC0000655,CUST001147,Savings,AED,4913823.4
ACC0000656,CUST002887,Current,USD,4491460.31
ACC0000657,CUST003560,Nostro,AED,558700.81
ACC0000658,CUST007117,Escrow,INR,168495.7
ACC0000659,CUST006370,Savings,USD,3547056.58
ACC0000660,CUST001674,Savings,USD,1584947.24
ACC0000661,CUST002139,Nostro,GBP,1149477.76
ACC0000662,CUST003003,Savings,AED,1271079.66
ACC0000663,CUST001628,Savings,GBP,4428798.41
ACC0000664,CUST002174,Current,INR,1327249.86
ACC0000665,CUST003051,Current,AED,4901296.2
ACC0000666,CUST008862,Savings,AED,3809719.2
ACC0000667,CUST001929,Savings,GBP,2407622.88
ACC0000668,CUST006510,Escrow,EUR,4558518.34
ACC0000669,CUST007643,Savings,INR,964140.92
ACC0000670,CUST001598,Escrow,USD,2983900.13
ACC0000671,CUST004367,Current,AED,3047198.57
ACC0000672,CUST007792,Nostro,INR,1065989.28
ACC0000673,CUST006814,Nostro,AED,562106.16
ACC0000674,CUST001667,Escrow,EUR,2817025.22
ACC0000675,CUST001633,Nostro,GBP,341888.4
ACC0000676,CUST002513,Current,AED,3608812.27
ACC0000677,CUST004454,Escrow,GBP,1249066.28
ACC0000678,CUST008403,Nostro,INR,4533068.17
ACC0000679,CUST004299,Current,GBP,4680670.0
ACC0000680,CUST008841,Nostro,GBP,3169309.55
ACC0000681,CUST009535,Savings,GBP,273008.61
ACC0000682,CUST001626,Current,EUR,1818209.21
ACC0000683,CUST002861,Escrow,AED,3086169.41
ACC0000684,CUST002697,Savings,GBP,2363246.29
ACC0000685,CUST005258,Current,USD,4546212.35
ACC0000686,CUST005511,Savings,INR,3310615.44
ACC0000687,CUST003026,Escrow,USD,1864406.84
ACC0000688,CUST004677,Nostro,GBP,3126169.54
ACC0000689,CUST004052,Current,EUR,2883064.21
ACC0000690,CUST008944,Savings,GBP,1257201.09
ACC0000691,CUST007012,Escrow,EUR,742979.04
ACC0000692,CUST006147,Escrow,EUR,2601047.7
ACC0000693,CUST009233,Current,EUR,1597045.61
ACC0000694,CUST001319,Escrow,USD,2717595.6
ACC0000695,CUST006565,Escrow,USD,2022001.73
ACC0000696,CUST007911,Nostro,INR,3044611.37
ACC0000697,CUST009476,Current,EUR,1043520.13
ACC0000698,CUST002232,Savings,AED,4814245.64
ACC0000699,CUST001825,Escrow,EUR,1371475.34
ACC0000700,CUST000247,Savings,EUR,345058.03
ACC0000701,CUST005831,Nostro,GBP,127380.67
ACC0000702,CUST002987,Current,AED,1810652.6
ACC0000703,CUST005454,Current,GBP,3737415.04
ACC0000704,CUST004601,Nostro,INR,4904485.42
ACC0000705,CUST004445,Savings,USD,2688946.04
ACC0000706,CUST005375,Escrow,INR,3545538.74
ACC0000707,CUST002210,Savings,GBP,4513277.36
ACC0000708,CUST001344,Escrow,GBP,4390795.13
ACC0000709,CUST008374,Escrow,USD,2077909.98
ACC0000710,CUST003976,Current,GBP,2694656.75
ACC0000711,CUST006418,Current,EUR,30357.89
ACC0000712,CUST004307,Savings,GBP,3353000.44
ACC0000713,CUST001719,Escrow,GBP,3031356.38
ACC0000714,CUST001318,Escrow,USD,2110738.92
ACC0000715,CUST001073,Current,AED,3366865.63
ACC0000716,CUST004306,Nostro,EUR,1005308.67
ACC0000717,CUST001252,Nostro,EUR,3411013.76
ACC0000718,CUST006506,Current,USD,2109465.5
ACC0000719,CUST000822,Escrow,GBP,4984972.35
ACC0000720,CUST008285,Nostro,USD,4438616.73
ACC0000721,CUST009674,Escrow,AED,4665708.58
ACC0000722,CUST001333,Escrow,EUR,2575081.05
ACC0000723,CUST000707,Escrow,GBP,390709.2
ACC0000724,CUST009411,Escrow,GBP,3219821.69
ACC0000725,CUST007779,Savings,USD,417940.3
ACC0000726,CUST007416,Nostro,GBP,1590576.23
ACC0000727,CUST004673,Escrow,EUR,117228.51
ACC0000728,CUST000650,Nostro,GBP,2760800.5
ACC0000729,CUST008316,Savings,GBP,2701703.49
ACC0000730,CUST006116,Escrow,GBP,3764063.75
ACC0000731,CUST003796,Savings,EUR,3530281.82
ACC0000732,CUST005050,Current,INR,3630252.48
ACC0000733,CUST005272,Escrow,GBP,752103.68
ACC0000734,CUST007438,Current,INR,4652011.72
ACC0000735,CUST005641,Escrow,USD,1949016.27
ACC0000736,CUST009249,Current,AED,284659.7
ACC0000737,CUST006021,Savings,EUR,4935453.91
ACC0000738,CUST009632,Savings,INR,225914.98
ACC0000739,CUST005337,Nostro,EUR,1191183.48
ACC0000740,CUST001671,Escrow,GBP,4661498.39
ACC0000741,CUST006703,Current,EUR,4877264.62
ACC0000742,CUST006584,Nostro,AED,3895397.69
ACC0000743,CUST002633,Savings,EUR,1673988.01
ACC0000744,CUST008827,Savings,AED,2603810.51
ACC0000745,CUST003685,Savings,INR,1317471.29
ACC0000746,CUST004080,Savings,GBP,4254773.29
ACC0000747,CUST008376,Nostro,AED,3429090.03
ACC0000748,CUST008220,Savings,INR,4704154.33
ACC0000749,CUST006453,Escrow,EUR,1609696.33
ACC0000750,CUST004239,Escrow,AED,2242570.69
ACC0000751,CUST001437,Current,AED,106839.36
ACC0000752,CUST002485,Current,INR,196731.84
ACC0000753,CUST003363,Savings,EUR,1996234.04
ACC0000754,CUST001476,Escrow,AED,65888.19
ACC0000755,CUST008380,Escrow,GBP,1542549.19
ACC0000756,CUST009509,Current,EUR,4864407.78
ACC0000757,CUST002354,Escrow,EUR,3890905.34
ACC0000758,CUST005664,Current,USD,4318102.91
ACC0000759,CUST009977,Nostro,USD,1772670.01
ACC0000760,CUST001394,Savings,USD,4065016.39
ACC0000761,CUST009403,Current,GBP,4783193.59
ACC0000762,CUST006037,Savings,EUR,1638820.23
ACC0000763,CUST009593,Savings,EUR,365619.83
ACC0000764,CUST009705,Escrow,EUR,3726680.98
ACC0000765,CUST001905,Escrow,USD,1443502.12
ACC0000766,CUST009930,Savings,USD,2652837.31
ACC0000767,CUST001793,Current,EUR,4413603.36
ACC0000768,CUST000729,Current,EUR,2305101.74
ACC0000769,CUST004812,Nostro,EUR,99134.02
ACC0000770,CUST003622,Nostro,AED,4550896.33
ACC0000771,CUST004348,Current,EUR,3716955.25
ACC0000772,CUST000157,Escrow,AED,3795351.23
ACC0000773,CUST003313,Current,USD,4802211.08
ACC0000774,CUST003648,Current,GBP,4268914.36
ACC0000775,CUST003708,Nostro,AED,2493572.17
ACC0000776,CUST002836,Current,EUR,1433953.18
ACC0000777,CUST000489,Savings,EUR,1742506.67
ACC0000778,CUST004886,Current,EUR,1401344.82
ACC0000779,CUST006691,Escrow,AED,3426660.13
ACC0000780,CUST009171,Savings,USD,3047903.34
ACC0000781,CUST007437,Savings,USD,2226539.15
ACC0000782,CUST006441,Current,USD,4061198.42
ACC0000783,CUST004750,Escrow,USD,4435611.01
ACC0000784,CUST006003,Nostro,INR,340593.27
ACC0000785,CUST001088,Current,GBP,4622078.85
ACC0000786,CUST009701,Nostro,USD,1608227.78
ACC0000787,CUST005520,Nostro,USD,4718827.9
ACC0000788,CUST001376,Escrow,GBP,1358248.27
ACC0000789,CUST007996,Current,GBP,3958121.61
ACC0000790,CUST004751,Nostro,GBP,3390029.96
ACC0000791,CUST009625,Current,GBP,1565580.01
ACC0000792,CUST001153,Current,USD,188357.24
ACC0000793,CUST003356,Escrow,INR,3158092.36
ACC0000794,CUST001194,Savings,EUR,111352.69
ACC0000795,CUST004720,Savings,INR,706381.79
ACC0000796,CUST001628,Current,INR,1431862.99
ACC0000797,CUST008870,Escrow,AED,2357901.95
ACC0000798,CUST002364,Current,INR,4489514.77
ACC0000799,CUST008623,Nostro,AED,2158344.43
ACC0000800,CUST004909,Savings,GBP,3388711.39
ACC0000801,CUST005426,Escrow,AED,1919144.68
ACC0000802,CUST002330,Savings,USD,3086845.25
ACC0000803,CUST005280,Nostro,GBP,4032081.13
ACC0000804,CUST007537,Current,INR,1736282.85
ACC0000805,CUST006272,Escrow,USD,3002987.95
ACC0000806,CUST002353,Savings,EUR,3770421.24
ACC0000807,CUST000540,Escrow,INR,4166117.24
ACC0000808,CUST004116,Escrow,USD,3574808.96
ACC0000809,CUST005480,Savings,AED,3163735.96
ACC0000810,CUST009434,Nostro,INR,2310860.57
ACC0000811,CUST005970,Savings,INR,1521176.02
ACC0000812,CUST007916,Current,INR,1531190.39
ACC0000813,CUST003202,Current,EUR,1953986.27
ACC0000814,CUST007572,Savings,USD,1810036.9
ACC0000815,CUST003495,Savings,EUR,4213038.88
ACC0000816,CUST005030,Savings,AED,1171530.12
ACC0000817,CUST006467,Savings,USD,1686835.65
ACC0000818,CUST006974,Savings,GBP,2647704.83
ACC0000819,CUST007463,Savings,USD,4476952.37
ACC0000820,CUST003800,Current,INR,1300718.23
ACC0000821,CUST006732,Nostro,EUR,2413988.89
ACC0000822,CUST000490,Savings,AED,281455.12
ACC0000823,CUST009867,Nostro,GBP,4495943.12
ACC0000824,CUST001395,Nostro,USD,308958.33
ACC0000825,CUST009582,Escrow,INR,4223980.51
ACC0000826,CUST001982,Current,GBP,3778207.57
ACC0000827,CUST003546,Savings,INR,1818158.02
ACC0000828,CUST000709,Current,AED,2937490.31
ACC0000829,CUST003956,Nostro,INR,3318211.9
ACC0000830,CUST006700,Current,INR,3645446.11
ACC0000831,CUST007877,Escrow,AED,1459001.86
ACC0000832,CUST008630,Escrow,GBP,1637113.49
ACC0000833,CUST004968,Savings,USD,1758042.52
ACC0000834,CUST007609,Escrow,EUR,2613091.18
ACC0000835,CUST007661,Nostro,GBP,3465773.25
ACC0000836,CUST004805,Nostro,USD,2906791.29
ACC0000837,CUST008098,Escrow,GBP,115770.19
ACC0000838,CUST009880,Savings,USD,4018709.24
ACC0000839,CUST002138,Escrow,EUR,1561020.65
ACC0000840,CUST004577,Savings,USD,3815281.52
ACC0000841,CUST002836,Current,EUR,1927200.01
ACC0000842,CUST005822,Savings,USD,2546250.98
ACC0000843,CUST001677,Nostro,AED,2737766.16
ACC0000844,CUST001241,Nostro,USD,3733710.29
ACC0000845,CUST003644,Nostro,EUR,4405978.03
ACC0000846,CUST007364,Savings,INR,884497.31
ACC0000847,CUST000832,Nostro,AED,1227298.15
ACC0000848,CUST006280,Savings,EUR,733176.42
ACC0000849,CUST003753,Current,EUR,1690009.97
ACC0000850,CUST005755,Savings,USD,3656761.78
ACC0000851,CUST003279,Nostro,EUR,4913904.24
ACC0000852,CUST007074,Savings,INR,4366455.1
ACC0000853,CUST007118,Nostro,AED,1780511.16
ACC0000854,CUST002341,Escrow,EUR,4956369.12
ACC0000855,CUST004916,Escrow,AED,2934099.66
ACC0000856,CUST001112,Nostro,AED,2850132.81
ACC0000857,CUST003590,Current,USD,3562409.31
ACC0000858,CUST008360,Nostro,AED,4654701.43
ACC0000859,CUST004397,Nostro,USD,4722147.16
ACC0000860,CUST008586,Savings,EUR,2660889.55
ACC0000861,CUST006715,Current,AED,105958.36
ACC0000862,CUST005133,Current,GBP,1979443.66
ACC0000863,CUST001625,Nostro,GBP,1819383.56
ACC0000864,CUST001588,Current,EUR,4654228.19
ACC0000865,CUST009752,Current,AED,2606197.52
ACC0000866,CUST009926,Escrow,INR,432427.36
ACC0000867,CUST009090,Current,INR,2440246.16
ACC0000868,CUST008238,Escrow,USD,2963635.9
ACC0000869,CUST000129,Current,USD,4411109.66
ACC0000870,CUST008307,Savings,INR,1780937.97
ACC0000871,CUST006652,Savings,GBP,930994.56
ACC0000872,CUST006396,Current,GBP,3195190.58
ACC0000873,CUST001134,Current,EUR,3125127.3
ACC0000874,CUST007889,Escrow,AED,53013.9
ACC0000875,CUST004353,Savings,GBP,3819257.92
ACC0000876,CUST006644,Savings,INR,3023381.62
ACC0000877,CUST004873,Escrow,INR,2910066.34
ACC0000878,CUST000021,Savings,USD,865980.3
ACC0000879,CUST001727,Current,EUR,3908498.94
ACC0000880,CUST002065,Nostro,EUR,1827574.35
ACC0000881,CUST002296,Current,USD,1200846.33
ACC0000882,CUST000586,Savings,GBP,2543820.13
ACC0000883,CUST009236,Current,GBP,2048858.12
ACC0000884,CUST004117,Savings,INR,2214571.94
ACC0000885,CUST001289,Current,GBP,4202240.54
ACC0000886,CUST006474,Savings,INR,3952367.77
ACC0000887,CUST008602,Escrow,EUR,4357799.63
ACC0000888,CUST001092,Escrow,AED,4697927.42
ACC0000889,CUST003429,Nostro,INR,3413055.97
ACC0000890,CUST004931,Nostro,GBP,3097183.28
ACC0000891,CUST001790,Current,USD,4862243.9
ACC0000892,CUST002436,Nostro,GBP,4510449.98
ACC0000893,CUST000059,Escrow,USD,1279922.49
ACC0000894,CUST001693,Savings,GBP,3256618.42
ACC0000895,CUST000351,Nostro,GBP,3462571.96
ACC0000896,CUST007366,Escrow,GBP,3756184.39
ACC0000897,CUST007911,Current,AED,4180644.99
ACC0000898,CUST006302,Savings,AED,1350460.16
ACC0000899,CUST006702,Current,USD,441204.23
ACC0000900,CUST005457,Savings,AED,1407626.0
ACC0000901,CUST000137,Escrow,USD,3905328.36
ACC0000902,CUST007220,Nostro,GBP,3332353.31
ACC0000903,CUST008488,Nostro,GBP,2678687.32
ACC0000904,CUST000888,Savings,USD,808497.89
ACC0000905,CUST007922,Escrow,INR,648575.91
ACC0000906,CUST009077,Current,EUR,3787832.88
ACC0000907,CUST007945,Savings,GBP,884607.87
ACC0000908,CUST009677,Savings,GBP,1272547.27
ACC0000909,CUST004441,Nostro,INR,3560955.12
ACC0000910,CUST009647,Current,EUR,2200546.08
ACC0000911,CUST004869,Savings,INR,3662969.07
ACC0000912,CUST000128,Savings,INR,2079711.6
ACC0000913,CUST004534,Nostro,USD,4171687.98
ACC0000914,CUST008028,Current,INR,3414618.78
ACC0000915,CUST008501,Nostro,USD,1658750.75
ACC0000916,CUST005667,Nostro,USD,4056379.29
ACC0000917,CUST007540,Savings,GBP,1054159.39
ACC0000918,CUST004229,Escrow,USD,4888185.28
ACC0000919,CUST008546,Escrow,AED,3093618.19
ACC0000920,CUST008351,Savings,USD,806996.25
ACC0000921,CUST005448,Savings,GBP,131813.68
ACC0000922,CUST002982,Escrow,EUR,1308157.55
ACC0000923,CUST006481,Current,USD,1150662.14
ACC0000924,CUST004175,Escrow,INR,1099021.31
ACC0000925,CUST007813,Current,GBP,2639525.19
ACC0000926,CUST008096,Escrow,GBP,702351.58
ACC0000927,CUST002989,Current,USD,4894420.92
ACC0000928,CUST000740,Current,GBP,61544.94
ACC0000929,CUST002463,Savings,GBP,664735.83
ACC0000930,CUST000774,Savings,USD,3389638.55
ACC0000931,CUST008930,Escrow,USD,2765320.78
ACC0000932,CUST006111,Savings,GBP,4178271.45
ACC0000933,CUST000891,Savings,INR,1569704.92
ACC0000934,CUST006740,Savings,AED,991732.18
ACC0000935,CUST006187,Escrow,AED,1399473.16
ACC0000936,CUST003093,Escrow,GBP,2539012.14
ACC0000937,CUST004984,Current,AED,2885222.95
ACC0000938,CUST008881,Nostro,INR,4198182.59
ACC0000939,CUST005073,Nostro,GBP,3628892.87
ACC0000940,CUST004058,Savings,AED,1949679.27
ACC0000941,CUST008149,Savings,EUR,4267372.35
ACC0000942,CUST009528,Nostro,USD,2708350.81
ACC0000943,CUST001454,Escrow,INR,1988108.52
ACC0000944,CUST006862,Escrow,USD,1219677.39
ACC0000945,CUST004906,Savings,AED,4052405.17
ACC0000946,CUST009884,Current,INR,1696173.58
ACC0000947,CUST001842,Escrow,AED,861589.55
ACC0000948,CUST009923,Escrow,EUR,28955.31
ACC0000949,CUST005837,Nostro,AED,569525.67
ACC0000950,CUST004271,Current,EUR,1856542.48
ACC0000951,CUST004429,Escrow,EUR,1767156.39
ACC0000952,CUST002974,Escrow,EUR,3421536.32
ACC0000953,CUST004482,Current,EUR,1782650.13
ACC0000954,CUST003697,Nostro,INR,1001923.34
ACC0000955,CUST004068,Nostro,GBP,2066441.46
ACC0000956,CUST009262,Savings,USD,1510239.96
ACC0000957,CUST009841,Nostro,EUR,4229106.75
ACC0000958,CUST001780,Nostro,AED,768059.47
ACC0000959,CUST003501,Current,AED,4112317.45
ACC0000960,CUST004905,Escrow,EUR,182209.85
ACC0000961,CUST009300,Escrow,EUR,2041726.81
ACC0000962,CUST005965,Escrow,INR,839280.38
ACC0000963,CUST009250,Savings,USD,3868637.8
ACC0000964,CUST004892,Nostro,INR,1561639.31
ACC0000965,CUST007959,Escrow,AED,3660043.37
ACC0000966,CUST003354,Savings,GBP,3361390.58
ACC0000967,CUST001654,Nostro,AED,1119017.34
ACC0000968,CUST007757,Savings,GBP,3196052.52
ACC0000969,CUST002615,Current,AED,4671919.16
ACC0000970,CUST001377,Current,EUR,3442165.4
ACC0000971,CUST008433,Escrow,EUR,3449289.03
ACC0000972,CUST004319,Escrow,AED,4934482.59
ACC0000973,CUST008614,Escrow,USD,656211.09
ACC0000974,CUST007496,Current,AED,433756.69
ACC0000975,CUST001592,Escrow,AED,1266658.79
ACC0000976,CUST001879,Savings,EUR,3764678.02
ACC0000977,CUST008161,Current,AED,3574873.23
ACC0000978,CUST007651,Current,INR,1714498.65
ACC0000979,CUST009364,Escrow,GBP,4761816.46
ACC0000980,CUST000344,Nostro,GBP,386686.31
ACC0000981,CUST001059,Nostro,AED,2671267.7
ACC0000982,CUST005217,Current,INR,4575736.58
ACC0000983,CUST004730,Savings,EUR,399945.52
ACC0000984,CUST002147,Savings,EUR,1551823.69
ACC0000985,CUST004861,Nostro,INR,4927157.45
ACC0000986,CUST002727,Nostro,AED,2828771.53
ACC0000987,CUST003583,Escrow,INR,2798162.04
ACC0000988,CUST000811,Savings,GBP,2264721.65
ACC0000989,CUST004524,Savings,INR,2783047.01
ACC0000990,CUST001911,Current,INR,1557286.23
ACC0000991,CUST009542,Savings,GBP,2010389.19
ACC0000992,CUST001975,Savings,AED,3133647.43
ACC0000993,CUST004253,Escrow,USD,2002040.0
ACC0000994,CUST003736,Current,GBP,263407.66
ACC0000995,CUST001169,Current,AED,2174365.27
ACC0000996,CUST007248,Current,GBP,4642167.25
ACC0000997,CUST002119,Nostro,EUR,2994057.06
ACC0000998,CUST003489,Nostro,GBP,3353927.36
ACC0000999,CUST006347,Nostro,USD,3728158.74
ACC0001000,CUST008655,Savings,USD,4261383.95
ACC0001001,CUST009315,Nostro,AED,2513888.04
ACC0001002,CUST007951,Escrow,AED,3314318.56
ACC0001003,CUST008811,Escrow,GBP,4830190.56
ACC0001004,CUST008494,Nostro,INR,4953482.23
ACC0001005,CUST001319,Savings,USD,1408944.21
ACC0001006,CUST006220,Current,GBP,3011479.65
ACC0001007,CUST003347,Escrow,INR,3530408.28
ACC0001008,CUST002396,Escrow,USD,1129402.46
ACC0001009,CUST002282,Escrow,GBP,3560294.14
ACC0001010,CUST003437,Escrow,INR,554871.4
ACC0001011,CUST008492,Escrow,INR,3537246.26
ACC0001012,CUST007689,Current,EUR,808915.28
ACC0001013,CUST008306,Nostro,EUR,3664187.77
ACC0001014,CUST004954,Escrow,INR,3692414.1
ACC0001015,CUST000864,Escrow,GBP,2059589.44
ACC0001016,CUST004374,Escrow,AED,3049595.82
ACC0001017,CUST008429,Savings,AED,4350986.19
ACC0001018,CUST005775,Escrow,INR,612349.53
ACC0001019,CUST006926,Nostro,AED,4590017.89
ACC0001020,CUST006778,Escrow,EUR,2633816.67
ACC0001021,CUST005455,Savings,USD,1534906.85
ACC0001022,CUST007382,Nostro,USD,3065982.81
ACC0001023,CUST000676,Savings,EUR,4660787.98
ACC0001024,CUST009350,Savings,USD,1890673.31
ACC0001025,CUST000354,Savings,AED,4627310.39
ACC0001026,CUST006506,Current,GBP,3607092.16
ACC0001027,CUST004676,Savings,USD,4325166.91
ACC0001028,CUST008767,Savings,EUR,3682643.03
ACC0001029,CUST000141,Savings,EUR,398253.85
ACC0001030,CUST001193,Escrow,GBP,2690996.52
ACC0001031,CUST008922,Current,EUR,1424852.98
ACC0001032,CUST006607,Current,USD,197031.22
ACC0001033,CUST006780,Nostro,GBP,1633214.61
ACC0001034,CUST005203,Escrow,EUR,1105805.83
ACC0001035,CUST006316,Savings,EUR,975543.53
ACC0001036,CUST009043,Current,USD,4582230.98
ACC0001037,CUST002343,Savings,USD,1054413.37
ACC0001038,CUST000953,Nostro,USD,484646.3
ACC0001039,CUST003784,Escrow,AED,3747935.01
ACC0001040,CUST009351,Savings,INR,1511551.28
ACC0001041,CUST008801,Escrow,AED,4690749.49
ACC0001042,CUST003522,Escrow,INR,4577286.82
ACC0001043,CUST001516,Savings,USD,1004820.16
ACC0001044,CUST007330,Savings,EUR,3149195.54
ACC0001045,CUST005686,Current,INR,894049.69
ACC0001046,CUST002128,Savings,AED,774271.58
ACC0001047,CUST000395,Current,USD,1046043.46
ACC0001048,CUST000238,Nostro,GBP,4417039.99
ACC0001049,CUST004377,Current,AED,4444620.17
ACC0001050,CUST000809,Escrow,GBP,3009830.77
ACC0001051,CUST001283,Current,USD,3020115.14
ACC0001052,CUST008824,Savings,USD,4365385.24
ACC0001053,CUST006742,Escrow,GBP,3116225.17
ACC0001054,CUST008947,Savings,EUR,2805050.27
ACC0001055,CUST001435,Savings,AED,69926.5
ACC0001056,CUST000316,Savings,USD,2810633.25
ACC0001057,CUST003854,Escrow,EUR,3736040.67
ACC0001058,CUST003256,Escrow,INR,1496228.99
ACC0001059,CUST001024,Nostro,EUR,3366274.92
ACC0001060,CUST001255,Nostro,GBP,4443810.55
ACC0001061,CUST006892,Current,GBP,2679915.08
ACC0001062,CUST008276,Current,INR,58927.81
ACC0001063,CUST009987,Nostro,USD,3993841.64
ACC0001064,CUST009479,Savings,USD,4653786.71
ACC0001065,CUST001041,Escrow,AED,2897321.72
ACC0001066,CUST005619,Savings,USD,210003.46
ACC0001067,CUST000636,Current,INR,2404150.37
ACC0001068,CUST003763,Savings,USD,3269675.42
ACC0001069,CUST008155,Nostro,EUR,2594402.82
ACC0001070,CUST000568,Current,AED,4451133.62
ACC0001071,CUST005063,Nostro,INR,29910.37
ACC0001072,CUST008782,Savings,GBP,3808381.41
ACC0001073,CUST004415,Nostro,USD,1696778.88
ACC0001074,CUST007959,Nostro,USD,1333947.17
ACC0001075,CUST004917,Current,EUR,2506095.79
ACC0001076,CUST008994,Nostro,EUR,3743866.23
ACC0001077,CUST000710,Savings,USD,2918996.06
ACC0001078,CUST008305,Savings,INR,276907.17
ACC0001079,CUST001078,Nostro,EUR,4563901.75
ACC0001080,CUST009785,Current,INR,1461144.13
ACC0001081,CUST003933,Escrow,AED,3520148.35
ACC0001082,CUST002867,Savings,GBP,4501415.77
ACC0001083,CUST000462,Savings,GBP,722124.12
ACC0001084,CUST000755,Nostro,AED,3434484.98
ACC0001085,CUST003332,Current,INR,4584944.72
ACC0001086,CUST002584,Escrow,AED,1467508.44
ACC0001087,CUST001086,Escrow,EUR,3937927.36
ACC0001088,CUST008848,Escrow,INR,3449069.45
ACC0001089,CUST007007,Escrow,USD,2815260.93
ACC0001090,CUST006833,Savings,INR,1507283.59
ACC0001091,CUST009613,Escrow,GBP,3965570.99
ACC0001092,CUST008947,Current,INR,4746079.25
ACC0001093,CUST005057,Current,INR,3612149.95
ACC0001094,CUST008637,Savings,GBP,4604438.9
ACC0001095,CUST002933,Savings,INR,1934825.23
ACC0001096,CUST001585,Current,EUR,2068143.32
ACC0001097,CUST002639,Nostro,INR,1600259.54
ACC0001098,CUST002491,Current,INR,1550323.84
ACC0001099,CUST006825,Current,GBP,1371870.88
ACC0001100,CUST009240,Current,GBP,4215397.03
ACC0001101,CUST008291,Nostro,AED,3702863.07
ACC0001102,CUST001428,Escrow,INR,4571882.36
ACC0001103,CUST002061,Current,GBP,2397100.07
ACC0001104,CUST000359,Escrow,AED,2715389.4
ACC0001105,CUST007230,Nostro,USD,1932992.38
ACC0001106,CUST002639,Savings,AED,4363356.28
ACC0001107,CUST004843,Current,USD,1154023.36
ACC0001108,CUST003147,Nostro,AED,3260746.27
ACC0001109,CUST002868,Current,INR,1079415.67
ACC0001110,CUST007809,Current,INR,710205.91
ACC0001111,CUST003515,Nostro,AED,697410.07
ACC0001112,CUST005418,Current,EUR,870033.83
ACC0001113,CUST005083,Current,GBP,2367070.66
ACC0001114,CUST000874,Savings,USD,2537801.04
ACC0001115,CUST006442,Current,GBP,479125.28
ACC0001116,CUST001638,Nostro,USD,1708791.42
ACC0001117,CUST004582,Savings,GBP,2924708.4
ACC0001118,CUST001840,Savings,GBP,4123478.92
ACC0001119,CUST005168,Escrow,GBP,3255024.33
ACC0001120,CUST004835,Savings,USD,4947700.82
ACC0001121,CUST000925,Nostro,INR,1085341.7
ACC0001122,CUST000723,Nostro,AED,3887287.91
ACC0001123,CUST008207,Current,GBP,3313376.32
ACC0001124,CUST005732,Savings,GBP,16557.33
ACC0001125,CUST007043,Savings,AED,760420.26
ACC0001126,CUST008772,Current,AED,4019182.57
ACC0001127,CUST004522,Current,AED,3273776.18
ACC0001128,CUST004121,Savings,EUR,4673925.14
ACC0001129,CUST003903,Savings,INR,881252.93
ACC0001130,CUST003354,Escrow,GBP,1681646.07
ACC0001131,CUST009035,Nostro,INR,4277785.46
ACC0001132,CUST002241,Current,AED,90684.45
ACC0001133,CUST003113,Nostro,EUR,4768185.03
ACC0001134,CUST009447,Savings,EUR,2970465.16
ACC0001135,CUST001071,Savings,USD,4778031.96
ACC0001136,CUST004588,Escrow,GBP,380542.24
ACC0001137,CUST003095,Nostro,AED,497506.62
ACC0001138,CUST007124,Current,USD,223404.0
ACC0001139,CUST004348,Current,EUR,2948248.8
ACC0001140,CUST008298,Savings,GBP,91618.64
ACC0001141,CUST007369,Escrow,INR,4007963.54
ACC0001142,CUST006901,Current,INR,3680070.21
ACC0001143,CUST009202,Savings,INR,4272321.03
ACC0001144,CUST007231,Savings,GBP,4161911.55
ACC0001145,CUST009255,Escrow,USD,875921.95
ACC0001146,CUST006031,Nostro,USD,3252776.39
ACC0001147,CUST003950,Escrow,GBP,1010608.3
ACC0001148,CUST008099,Nostro,USD,4086157.24
ACC0001149,CUST008951,Escrow,INR,3979353.43
ACC0001150,CUST002598,Nostro,INR,4488191.68
ACC0001151,CUST000771,Current,USD,1564275.52
ACC0001152,CUST003233,Escrow,GBP,4282932.15
ACC0001153,CUST001371,Savings,GBP,191997.52
ACC0001154,CUST000740,Savings,USD,2803403.57
ACC0001155,CUST004381,Current,AED,2956691.38
ACC0001156,CUST006095,Escrow,AED,3612675.88
ACC0001157,CUST002235,Savings,GBP,405807.25
ACC0001158,CUST009196,Current,USD,4022974.39
ACC0001159,CUST005093,Savings,INR,3180008.02
ACC0001160,CUST009592,Savings,AED,3545673.71
ACC0001161,CUST004866,Current,EUR,3609882.75
ACC0001162,CUST004562,Nostro,EUR,2342016.26
ACC0001163,CUST009691,Savings,EUR,3213106.27
ACC0001164,CUST006817,Savings,AED,3358842.16
ACC0001165,CUST002470,Current,GBP,1843813.99
ACC0001166,CUST001320,Nostro,EUR,28375.08
ACC0001167,CUST004113,Nostro,USD,3684071.25
ACC0001168,CUST003786,Current,GBP,1095980.26
ACC0001169,CUST004464,Current,GBP,4520994.7
ACC0001170,CUST009214,Savings,EUR,2582736.12
ACC0001171,CUST004796,Nostro,USD,1195607.19
ACC0001172,CUST008069,Savings,INR,4873313.14
ACC0001173,CUST000186,Savings,AED,105953.96
ACC0001174,CUST000330,Current,AED,531795.44
ACC0001175,CUST000122,Savings,AED,454498.57
ACC0001176,CUST001904,Nostro,INR,2458129.09
ACC0001177,CUST006123,Escrow,AED,3963328.88
ACC0001178,CUST002757,Current,EUR,4531454.41
ACC0001179,CUST004135,Nostro,GBP,1171769.47
ACC0001180,CUST000973,Nostro,USD,1506090.97
ACC0001181,CUST004273,Escrow,GBP,4462483.69
ACC0001182,CUST000345,Savings,USD,2773244.87
ACC0001183,CUST008655,Current,EUR,401376.96
ACC0001184,CUST007491,Current,AED,4423547.05
ACC0001185,CUST008445,Current,EUR,1129063.36
ACC0001186,CUST002352,Escrow,INR,1538211.55
ACC0001187,CUST003658,Nostro,GBP,1471443.21
ACC0001188,CUST008750,Nostro,EUR,4073819.78
ACC0001189,CUST006785,Savings,AED,2219805.75
ACC0001190,CUST000862,Savings,USD,997433.25
ACC0001191,CUST003653,Savings,USD,2407534.19
ACC0001192,CUST005115,Nostro,USD,4383199.99
ACC0001193,CUST002304,Escrow,GBP,142546.99
ACC0001194,CUST006222,Nostro,GBP,2748429.96
ACC0001195,CUST002959,Nostro,GBP,2798767.18
ACC0001196,CUST000825,Savings,USD,3605908.02
ACC0001197,CUST004061,Current,INR,2538886.12
ACC0001198,CUST008264,Nostro,GBP,3604019.66
ACC0001199,CUST000392,Nostro,INR,1266161.51
ACC0001200,CUST008458,Savings,EUR,1127543.32
ACC0001201,CUST004368,Current,AED,2866268.81
ACC0001202,CUST004589,Escrow,INR,2670975.57
ACC0001203,CUST001082,Savings,USD,1481296.84
ACC0001204,CUST000626,Escrow,USD,4417861.03
ACC0001205,CUST004670,Escrow,INR,1162194.92
ACC0001206,CUST005753,Nostro,EUR,946082.29
ACC0001207,CUST004051,Escrow,INR,844284.68
ACC0001208,CUST005270,Nostro,GBP,3774767.45
ACC0001209,CUST006402,Savings,GBP,3151985.21
ACC0001210,CUST001961,Nostro,INR,4273768.83
ACC0001211,CUST005792,Escrow,EUR,3320937.15
ACC0001212,CUST009148,Current,EUR,4576248.04
ACC0001213,CUST009250,Savings,USD,3757734.06
ACC0001214,CUST003089,Escrow,EUR,1803501.6
ACC0001215,CUST008724,Nostro,INR,3194441.18
ACC0001216,CUST001743,Current,AED,3787202.23
ACC0001217,CUST002958,Escrow,GBP,1585867.01
ACC0001218,CUST007416,Nostro,GBP,2057739.88
ACC0001219,CUST009528,Savings,GBP,89487.34
ACC0001220,CUST007036,Savings,USD,2375517.81
ACC0001221,CUST003778,Escrow,GBP,4234306.9
ACC0001222,CUST003297,Nostro,USD,2477522.01
ACC0001223,CUST002962,Current,GBP,1970999.05
ACC0001224,CUST000869,Escrow,INR,3244489.79
ACC0001225,CUST000951,Nostro,AED,1031016.3
ACC0001226,CUST000340,Nostro,USD,3857522.79
ACC0001227,CUST008836,Escrow,USD,746453.23
ACC0001228,CUST001086,Current,USD,2018267.59
ACC0001229,CUST005240,Escrow,GBP,2385565.86
ACC0001230,CUST004772,Savings,EUR,1967610.62
ACC0001231,CUST003734,Nostro,USD,497306.08
ACC0001232,CUST000264,Savings,GBP,231371.49
ACC0001233,CUST008317,Escrow,GBP,3902667.8
ACC0001234,CUST003471,Savings,GBP,4548957.45
ACC0001235,CUST006409,Nostro,EUR,4025740.19
ACC0001236,CUST009822,Savings,GBP,1095315.38
ACC0001237,CUST005505,Escrow,USD,4001650.75
ACC0001238,CUST005320,Nostro,USD,3524939.71
ACC0001239,CUST006829,Savings,EUR,2273074.86
ACC0001240,CUST001329,Savings,EUR,3673199.28
ACC0001241,CUST001008,Current,USD,2155941.36
ACC0001242,CUST009556,Current,EUR,1937442.17
ACC0001243,CUST003585,Savings,USD,602148.78
ACC0001244,CUST007498,Escrow,GBP,2948760.62
ACC0001245,CUST001098,Nostro,GBP,2432960.94
ACC0001246,CUST002922,Current,GBP,1708486.74
ACC0001247,CUST003668,Escrow,EUR,2944169.3
ACC0001248,CUST007478,Current,EUR,688615.92
ACC0001249,CUST006534,Savings,GBP,1223815.17
ACC0001250,CUST006708,Current,EUR,1104311.89
ACC0001251,CUST000633,Escrow,AED,2653452.25
ACC0001252,CUST002833,Savings,USD,3197914.91
ACC0001253,CUST009103,Current,EUR,2500826.86
ACC0001254,CUST003352,Nostro,EUR,1105396.31
ACC0001255,CUST003033,Current,INR,2518306.87
ACC0001256,CUST007436,Current,EUR,710291.25
ACC0001257,CUST009398,Escrow,EUR,1099771.82
ACC0001258,CUST001920,Current,GBP,4224319.65
ACC0001259,CUST007574,Savings,GBP,1500836.23
ACC0001260,CUST006749,Nostro,INR,184672.7
ACC0001261,CUST004820,Escrow,AED,3382185.9
ACC0001262,CUST007482,Savings,AED,1170829.0
ACC0001263,CUST006532,Current,EUR,4275450.62
ACC0001264,CUST002527,Current,AED,2224746.05
ACC0001265,CUST002175,Escrow,AED,4953189.89
ACC0001266,CUST006280,Savings,EUR,3661930.22
ACC0001267,CUST008027,Escrow,EUR,1153735.72
ACC0001268,CUST006147,Escrow,USD,4318063.3
ACC0001269,CUST002099,Escrow,USD,2015433.81
ACC0001270,CUST000303,Escrow,GBP,1839244.08
ACC0001271,CUST004208,Current,AED,1378868.02
ACC0001272,CUST003208,Savings,AED,2868753.47
ACC0001273,CUST001602,Current,EUR,1587226.91
ACC0001274,CUST002445,Savings,INR,4052846.83
ACC0001275,CUST007687,Current,EUR,2417095.6
ACC0001276,CUST009515,Escrow,INR,4583831.98
ACC0001277,CUST002854,Nostro,EUR,3531215.57
ACC0001278,CUST006787,Escrow,GBP,201150.07
ACC0001279,CUST002804,Current,USD,4451372.95
ACC0001280,CUST009192,Current,USD,854763.4
ACC0001281,CUST002942,Nostro,GBP,4204839.73
ACC0001282,CUST007097,Current,EUR,1629095.4
ACC0001283,CUST007750,Nostro,AED,2164775.46
ACC0001284,CUST006705,Savings,EUR,1774648.31
ACC0001285,CUST008158,Current,GBP,4534696.69
ACC0001286,CUST008921,Savings,USD,3770817.31
ACC0001287,CUST002877,Savings,AED,1325702.41
ACC0001288,CUST009469,Current,USD,3872139.43
ACC0001289,CUST009811,Current,EUR,2026402.64
ACC0001290,CUST004176,Nostro,EUR,2222300.66
ACC0001291,CUST004858,Savings,EUR,1048822.19
ACC0001292,CUST005163,Nostro,INR,3395597.45
ACC0001293,CUST007488,Current,GBP,1500178.25
ACC0001294,CUST002529,Current,AED,667486.62
ACC0001295,CUST004389,Escrow,GBP,4032493.25
ACC0001296,CUST009621,Escrow,EUR,3584349.38
ACC0001297,CUST004116,Escrow,INR,2505348.02
ACC0001298,CUST001274,Escrow,EUR,2703349.99
ACC0001299,CUST008031,Savings,INR,3630873.28
ACC0001300,CUST000754,Current,INR,4588130.57
ACC0001301,CUST009324,Escrow,EUR,2008915.22
ACC0001302,CUST000762,Current,USD,801182.36
ACC0001303,CUST000408,Savings,EUR,1540124.43
ACC0001304,CUST002143,Savings,AED,834181.08
ACC0001305,CUST004068,Nostro,GBP,903795.32
ACC0001306,CUST000486,Nostro,INR,826386.31
ACC0001307,CUST004259,Nostro,EUR,930105.81
ACC0001308,CUST001780,Savings,INR,847189.02
ACC0001309,CUST004225,Current,AED,1263202.21
ACC0001310,CUST001307,Savings,AED,3935342.68
ACC0001311,CUST005461,Nostro,GBP,796803.96
ACC0001312,CUST005131,Current,EUR,3882119.67
ACC0001313,CUST005235,Escrow,AED,2802710.5
ACC0001314,CUST006912,Nostro,AED,4699969.51
ACC0001315,CUST000428,Savings,EUR,738002.82
ACC0001316,CUST007899,Nostro,EUR,763467.05
ACC0001317,CUST003140,Current,GBP,3462389.71
ACC0001318,CUST000165,Escrow,INR,1497348.98
ACC0001319,CUST002906,Nostro,AED,2887732.28
ACC0001320,CUST004752,Escrow,INR,2998768.99
ACC0001321,CUST009552,Current,EUR,2988653.34
ACC0001322,CUST008965,Current,AED,2830946.04
ACC0001323,CUST003655,Escrow,INR,299837.98
ACC0001324,CUST004970,Current,EUR,481281.87
ACC0001325,CUST001713,Savings,EUR,1269900.4
ACC0001326,CUST008855,Current,EUR,3551240.71
ACC0001327,CUST008648,Escrow,AED,1570918.35
ACC0001328,CUST000421,Savings,AED,502948.13
ACC0001329,CUST007547,Escrow,AED,3938845.91
ACC0001330,CUST005511,Savings,AED,3715610.38
ACC0001331,CUST005454,Current,AED,3472226.35
ACC0001332,CUST005585,Savings,GBP,4804126.4
ACC0001333,CUST009462,Escrow,INR,1149816.88
ACC0001334,CUST007579,Escrow,USD,1160491.58
ACC0001335,CUST008419,Current,INR,1264307.6
ACC0001336,CUST001482,Nostro,USD,825351.59
ACC0001337,CUST006846,Nostro,GBP,616285.82
ACC0001338,CUST000131,Nostro,USD,4715541.71
ACC0001339,CUST002312,Current,INR,4468368.22
ACC0001340,CUST009038,Escrow,GBP,2732194.68
ACC0001341,CUST002852,Savings,USD,1298064.73
ACC0001342,CUST007961,Current,AED,1145527.55
ACC0001343,CUST002740,Current,INR,4495926.18
ACC0001344,CUST007176,Nostro,EUR,2343823.24
ACC0001345,CUST007969,Savings,USD,3508995.14
ACC0001346,CUST001386,Nostro,INR,1667184.32
ACC0001347,CUST006878,Current,EUR,4646097.58
ACC0001348,CUST001413,Savings,GBP,1131031.73
ACC0001349,CUST001898,Escrow,AED,4777546.99
ACC0001350,CUST004141,Escrow,EUR,4953427.32
ACC0001351,CUST007577,Nostro,INR,1142508.02
ACC0001352,CUST003348,Current,INR,3844902.83
ACC0001353,CUST006285,Nostro,INR,4279284.6
ACC0001354,CUST002557,Escrow,USD,1355475.61
ACC0001355,CUST006407,Escrow,GBP,1313922.18
ACC0001356,CUST003723,Savings,EUR,970056.34
ACC0001357,CUST000092,Current,GBP,4641558.91
ACC0001358,CUST009036,Savings,USD,3066850.87
ACC0001359,CUST003312,Current,AED,758713.42
ACC0001360,CUST001238,Savings,USD,4392327.44
ACC0001361,CUST000501,Nostro,GBP,3940194.02
ACC0001362,CUST000681,Savings,AED,2048592.4
ACC0001363,CUST000264,Escrow,USD,3097278.9
ACC0001364,CUST003177,Current,EUR,698018.66
ACC0001365,CUST007496,Savings,GBP,1675223.44
ACC0001366,CUST002265,Nostro,INR,3074126.9
ACC0001367,CUST002391,Nostro,GBP,2714083.31
ACC0001368,CUST008180,Savings,INR,1897392.62
ACC0001369,CUST000649,Savings,EUR,2565783.39
ACC0001370,CUST003215,Nostro,AED,4631726.08
ACC0001371,CUST006869,Nostro,EUR,4883914.72
ACC0001372,CUST001567,Savings,AED,4201461.18
ACC0001373,CUST006689,Nostro,GBP,3921757.43
ACC0001374,CUST002588,Current,INR,178535.67
ACC0001375,CUST009777,Nostro,USD,395879.7
ACC0001376,CUST001801,Nostro,EUR,4046629.1
ACC0001377,CUST007733,Nostro,AED,2218445.77
ACC0001378,CUST001714,Savings,GBP,363762.33
ACC0001379,CUST002137,Savings,AED,3423513.96
ACC0001380,CUST008515,Current,INR,1350499.79
ACC0001381,CUST003481,Nostro,USD,1267899.45
ACC0001382,CUST006560,Nostro,GBP,1450388.48
ACC0001383,CUST005824,Current,AED,1618018.25
ACC0001384,CUST004280,Nostro,AED,2571577.7
ACC0001385,CUST000720,Escrow,AED,251979.9
ACC0001386,CUST003938,Escrow,AED,2640702.1
ACC0001387,CUST009930,Nostro,AED,3202631.81
ACC0001388,CUST008925,Nostro,GBP,4224380.41
ACC0001389,CUST006482,Current,USD,3942031.03
ACC0001390,CUST009500,Current,AED,3178861.16
ACC0001391,CUST009767,Nostro,INR,1727207.45
ACC0001392,CUST002175,Current,AED,2632116.06
ACC0001393,CUST000303,Savings,INR,3975928.17
ACC0001394,CUST008144,Escrow,EUR,970376.92
ACC0001395,CUST008736,Current,GBP,1149534.85
ACC0001396,CUST002668,Savings,USD,1014597.76
ACC0001397,CUST006347,Escrow,EUR,303520.06
ACC0001398,CUST002312,Escrow,AED,683986.78
ACC0001399,CUST003836,Nostro,INR,3526553.45
ACC0001400,CUST002363,Escrow,AED,3160667.87
ACC0001401,CUST003676,Savings,GBP,1102154.26
ACC0001402,CUST004073,Savings,GBP,2600559.64
ACC0001403,CUST009185,Nostro,INR,1519497.36
ACC0001404,CUST001294,Escrow,USD,2431366.71
ACC0001405,CUST002906,Savings,INR,643879.07
ACC0001406,CUST001837,Current,GBP,1505762.35
ACC0001407,CUST004450,Nostro,AED,3763098.72
ACC0001408,CUST000253,Savings,GBP,3782508.0
ACC0001409,CUST001200,Current,INR,1944670.57
ACC0001410,CUST008750,Current,INR,2474038.69
ACC0001411,CUST004044,Escrow,EUR,3391879.3
ACC0001412,CUST008024,Savings,INR,4701973.19
ACC0001413,CUST005487,Current,GBP,3171615.77
ACC0001414,CUST006452,Current,EUR,951900.02
ACC0001415,CUST008085,Savings,INR,1538626.83
ACC0001416,CUST003987,Savings,GBP,45691.42
ACC0001417,CUST004971,Current,INR,791442.37
ACC0001418,CUST007291,Nostro,EUR,4814221.17
ACC0001419,CUST003363,Nostro,USD,1999968.7
ACC0001420,CUST004488,Nostro,GBP,4120950.44
ACC0001421,CUST001390,Savings,AED,79684.16
ACC0001422,CUST003913,Current,USD,2644697.28
ACC0001423,CUST007124,Escrow,EUR,2286381.85
ACC0001424,CUST005657,Escrow,GBP,1997204.77
ACC0001425,CUST009999,Savings,EUR,1210770.34
ACC0001426,CUST002470,Current,AED,1411504.72
ACC0001427,CUST001551,Escrow,AED,4195586.1
ACC0001428,CUST003123,Current,AED,4493140.59
ACC0001429,CUST009774,Current,AED,2360921.09
ACC0001430,CUST000545,Current,GBP,1902335.7
ACC0001431,CUST008441,Escrow,INR,3920218.85
ACC0001432,CUST002681,Escrow,USD,4450097.97
ACC0001433,CUST002121,Nostro,EUR,2308067.69
ACC0001434,CUST003789,Current,GBP,4845097.16
ACC0001435,CUST006359,Nostro,USD,1669583.12
ACC0001436,CUST000473,Savings,USD,707217.91
ACC0001437,CUST004339,Savings,AED,2054840.98
ACC0001438,CUST009360,Escrow,GBP,4872446.55
ACC0001439,CUST007337,Escrow,USD,4745802.9
ACC0001440,CUST004082,Escrow,USD,1278941.46
ACC0001441,CUST009690,Savings,AED,828886.98
ACC0001442,CUST001422,Savings,USD,691621.78
ACC0001443,CUST000088,Escrow,INR,2585334.21
ACC0001444,CUST004729,Escrow,INR,1788213.62
ACC0001445,CUST009642,Savings,EUR,1261830.83
ACC0001446,CUST006078,Current,GBP,3607180.49
ACC0001447,CUST006663,Nostro,AED,839990.51
ACC0001448,CUST001368,Escrow,AED,474291.03
ACC0001449,CUST004531,Savings,AED,3376217.78
ACC0001450,CUST001157,Savings,GBP,2802124.49
ACC0001451,CUST000771,Savings,GBP,4323628.81
ACC0001452,CUST002773,Current,AED,2212500.63
ACC0001453,CUST007788,Escrow,INR,1498991.72
ACC0001454,CUST004868,Current,GBP,736114.87
ACC0001455,CUST001779,Nostro,USD,3464785.93
ACC0001456,CUST006824,Nostro,EUR,775287.57
ACC0001457,CUST001153,Escrow,INR,1282286.2
ACC0001458,CUST004865,Savings,INR,4393387.41
ACC0001459,CUST000444,Escrow,USD,1528229.11
ACC0001460,CUST006446,Escrow,INR,4808670.82
ACC0001461,CUST005849,Savings,INR,4201996.42
ACC0001462,CUST007876,Savings,EUR,1419850.13
ACC0001463,CUST006165,Escrow,AED,3910991.73
ACC0001464,CUST008077,Escrow,EUR,4555017.48
ACC0001465,CUST003039,Nostro,USD,4472886.86
ACC0001466,CUST002767,Escrow,AED,1559817.62
ACC0001467,CUST001182,Savings,AED,3335721.62
ACC0001468,CUST006754,Current,USD,3770455.59
ACC0001469,CUST008269,Savings,EUR,4875973.73
ACC0001470,CUST002613,Nostro,AED,3062895.84
ACC0001471,CUST009072,Escrow,EUR,3046518.9
ACC0001472,CUST009836,Nostro,AED,366757.22
ACC0001473,CUST005106,Current,EUR,3534270.32
ACC0001474,CUST001996,Savings,EUR,1735258.36
ACC0001475,CUST001479,Current,GBP,4564811.64
ACC0001476,CUST009160,Escrow,EUR,4166373.01
ACC0001477,CUST003075,Savings,GBP,3955996.31
ACC0001478,CUST006435,Nostro,AED,359081.93
ACC0001479,CUST006201,Savings,GBP,2300996.7
ACC0001480,CUST006344,Nostro,EUR,3078534.1
ACC0001481,CUST008774,Escrow,GBP,348281.08
ACC0001482,CUST002988,Current,GBP,1314547.18
ACC0001483,CUST005814,Savings,AED,132164.17
ACC0001484,CUST007922,Escrow,GBP,2323121.44
ACC0001485,CUST007922,Current,INR,2101938.62
ACC0001486,CUST009524,Escrow,USD,4596898.34
ACC0001487,CUST002474,Savings,USD,1901764.26
ACC0001488,CUST008055,Current,EUR,1856188.43
ACC0001489,CUST004000,Current,USD,4062181.79
ACC0001490,CUST008849,Nostro,EUR,3447914.83
ACC0001491,CUST003305,Nostro,GBP,4313451.7
ACC0001492,CUST005988,Current,USD,2942138.45
ACC0001493,CUST000314,Nostro,GBP,2724968.81
ACC0001494,CUST009272,Escrow,USD,3539640.35
ACC0001495,CUST005801,Nostro,USD,1450960.51
ACC0001496,CUST000787,Nostro,INR,286333.66
ACC0001497,CUST005178,Current,INR,3663507.34
ACC0001498,CUST006247,Escrow,INR,1867306.0
ACC0001499,CUST008414,Current,AED,1578937.87
ACC0001500,CUST002563,Nostro,USD,2896138.57
ACC0001501,CUST008256,Current,GBP,4972308.27
ACC0001502,CUST008379,Savings,USD,776765.0
ACC0001503,CUST006139,Escrow,INR,843216.42
ACC0001504,CUST001759,Escrow,AED,3745031.3
ACC0001505,CUST006593,Current,USD,4090244.95
ACC0001506,CUST009983,Savings,AED,4393269.15
ACC0001507,CUST001536,Nostro,AED,2529703.25
ACC0001508,CUST006453,Nostro,EUR,4301433.75
ACC0001509,CUST009658,Current,EUR,2759871.97
ACC0001510,CUST005994,Nostro,AED,3493573.08
ACC0001511,CUST006291,Current,INR,1579997.9
ACC0001512,CUST009138,Savings,USD,4742700.98
ACC0001513,CUST006368,Nostro,GBP,2951742.6
ACC0001514,CUST004633,Escrow,GBP,1143930.04
ACC0001515,CUST003814,Nostro,USD,2151372.41
ACC0001516,CUST007630,Nostro,GBP,4006663.86
ACC0001517,CUST007115,Current,INR,3837350.15
ACC0001518,CUST005737,Escrow,AED,3225968.69
ACC0001519,CUST006703,Current,AED,4900464.44
ACC0001520,CUST005036,Current,GBP,2193956.47
ACC0001521,CUST008084,Escrow,EUR,137808.62
ACC0001522,CUST001248,Escrow,AED,788307.92
ACC0001523,CUST006241,Current,GBP,3745122.35
ACC0001524,CUST007719,Savings,INR,2262644.21
ACC0001525,CUST008868,Current,USD,2282231.63
ACC0001526,CUST008160,Savings,EUR,1011964.21
ACC0001527,CUST001833,Escrow,AED,3950154.2
ACC0001528,CUST009580,Nostro,EUR,4199575.08
ACC0001529,CUST002499,Current,EUR,1461130.1
ACC0001530,CUST006093,Escrow,GBP,2779665.12
ACC0001531,CUST008948,Nostro,USD,4015310.22
ACC0001532,CUST006943,Nostro,GBP,4212935.28
ACC0001533,CUST009134,Current,EUR,4413803.53
ACC0001534,CUST004484,Current,GBP,1869620.62
ACC0001535,CUST009430,Nostro,GBP,4736611.43
ACC0001536,CUST007447,Savings,AED,4323492.58
ACC0001537,CUST005609,Escrow,EUR,2890787.29
ACC0001538,CUST009759,Escrow,USD,2647311.36
ACC0001539,CUST005633,Escrow,INR,940949.61
ACC0001540,CUST000350,Savings,USD,4283466.59
ACC0001541,CUST007882,Escrow,USD,2974360.84
ACC0001542,CUST001480,Escrow,AED,1420670.15
ACC0001543,CUST009867,Escrow,USD,4859993.41
ACC0001544,CUST009468,Escrow,EUR,2617365.27
ACC0001545,CUST006282,Nostro,AED,4537349.06
ACC0001546,CUST004842,Escrow,INR,2666323.48
ACC0001547,CUST001314,Escrow,GBP,4853138.12
ACC0001548,CUST004362,Current,AED,2161609.65
ACC0001549,CUST009409,Escrow,GBP,567783.52
ACC0001550,CUST007954,Nostro,EUR,4753115.77
ACC0001551,CUST004640,Nostro,INR,2062558.46
ACC0001552,CUST002497,Current,INR,2941836.58
ACC0001553,CUST006273,Savings,EUR,3074802.38
ACC0001554,CUST006877,Escrow,USD,3859361.48
ACC0001555,CUST007454,Savings,USD,875916.12
ACC0001556,CUST002913,Escrow,USD,4875617.6
ACC0001557,CUST003268,Current,AED,2065534.4
ACC0001558,CUST008465,Savings,GBP,967707.69
ACC0001559,CUST009529,Current,USD,4437940.23
ACC0001560,CUST000733,Escrow,EUR,2781888.34
ACC0001561,CUST007353,Savings,EUR,2293597.45
ACC0001562,CUST006070,Escrow,AED,431862.08
ACC0001563,CUST004944,Escrow,INR,364984.63
ACC0001564,CUST008897,Savings,AED,3741230.3
ACC0001565,CUST004187,Nostro,GBP,393394.67
ACC0001566,CUST006257,Nostro,EUR,136764.18
ACC0001567,CUST001762,Nostro,INR,6281.35
ACC0001568,CUST006445,Nostro,USD,2743474.48
ACC0001569,CUST003281,Current,INR,1302121.61
ACC0001570,CUST006136,Escrow,AED,4420419.68
ACC0001571,CUST008749,Nostro,AED,912131.99
ACC0001572,CUST002483,Savings,INR,92667.75
ACC0001573,CUST006306,Nostro,AED,4511795.27
ACC0001574,CUST007402,Nostro,INR,1484869.09
ACC0001575,CUST002221,Current,INR,2538245.9
ACC0001576,CUST000042,Savings,GBP,4726665.84
ACC0001577,CUST000021,Escrow,AED,2336379.46
ACC0001578,CUST002835,Current,EUR,137713.54
ACC0001579,CUST007030,Escrow,AED,4971689.12
ACC0001580,CUST000451,Current,EUR,3053187.09
ACC0001581,CUST002321,Current,INR,4778216.44
ACC0001582,CUST007921,Current,USD,1176441.9
ACC0001583,CUST004346,Escrow,GBP,2537460.97
ACC0001584,CUST006509,Nostro,AED,3046247.5
ACC0001585,CUST000038,Current,EUR,3350831.6
ACC0001586,CUST005865,Current,USD,2109900.29
ACC0001587,CUST006680,Savings,USD,3807515.66
ACC0001588,CUST002509,Current,AED,1881079.75
ACC0001589,CUST001032,Current,USD,502822.53
ACC0001590,CUST000343,Nostro,INR,4367621.33
ACC0001591,CUST006242,Savings,AED,2868330.44
ACC0001592,CUST007945,Savings,GBP,2648569.62
ACC0001593,CUST001177,Nostro,EUR,32019.91
ACC0001594,CUST009151,Savings,GBP,3481407.7
ACC0001595,CUST004948,Current,EUR,2832300.67
ACC0001596,CUST004957,Savings,GBP,1558636.13
ACC0001597,CUST001850,Escrow,GBP,1883418.24
ACC0001598,CUST006317,Current,AED,1992452.86
ACC0001599,CUST001435,Savings,USD,4939302.84
ACC0001600,CUST003864,Savings,AED,1867829.48
ACC0001601,CUST001877,Escrow,EUR,411002.44
ACC0001602,CUST003184,Savings,INR,1960657.38
ACC0001603,CUST008230,Current,AED,2297973.23
ACC0001604,CUST006202,Escrow,INR,4363377.61
ACC0001605,CUST005440,Current,INR,3100163.96
ACC0001606,CUST008588,Savings,INR,3013695.57
ACC0001607,CUST004434,Nostro,AED,438037.91
ACC0001608,CUST007703,Savings,AED,4299533.5
ACC0001609,CUST009843,Savings,INR,1355711.92
ACC0001610,CUST000543,Current,AED,1828533.92
ACC0001611,CUST001007,Nostro,USD,2390905.87
ACC0001612,CUST001820,Current,AED,2192844.34
ACC0001613,CUST006449,Nostro,EUR,2456654.01
ACC0001614,CUST003043,Savings,GBP,537807.66
ACC0001615,CUST008367,Escrow,GBP,3637959.61
ACC0001616,CUST004070,Nostro,INR,273525.93
ACC0001617,CUST009290,Nostro,AED,4951408.92
ACC0001618,CUST003060,Savings,USD,1323319.9
ACC0001619,CUST002919,Nostro,GBP,3957875.24
ACC0001620,CUST004320,Current,EUR,2160900.04
ACC0001621,CUST001405,Nostro,AED,3147930.4
ACC0001622,CUST002097,Savings,INR,4378543.27
ACC0001623,CUST008040,Escrow,GBP,4095969.29
ACC0001624,CUST006335,Current,AED,941012.9
ACC0001625,CUST009189,Savings,GBP,4018347.24
ACC0001626,CUST005529,Current,GBP,1097273.06
ACC0001627,CUST001219,Current,EUR,852719.55
ACC0001628,CUST005736,Escrow,INR,3899622.73
ACC0001629,CUST001263,Savings,INR,2636091.67
ACC0001630,CUST000627,Escrow,INR,4039171.09
ACC0001631,CUST007404,Current,AED,2472381.61
ACC0001632,CUST001819,Savings,GBP,1120188.82
ACC0001633,CUST008492,Nostro,EUR,4310515.38
ACC0001634,CUST002451,Nostro,USD,4531097.63
ACC0001635,CUST005866,Escrow,INR,3734126.3
ACC0001636,CUST007059,Nostro,AED,3832277.89
ACC0001637,CUST009511,Savings,GBP,2391147.31
ACC0001638,CUST008070,Savings,EUR,4210431.89
ACC0001639,CUST009426,Savings,AED,9679.75
ACC0001640,CUST004290,Escrow,AED,4765639.15
ACC0001641,CUST008816,Current,INR,3642632.35
ACC0001642,CUST002350,Current,USD,2400871.77
ACC0001643,CUST002967,Escrow,INR,1914878.48
ACC0001644,CUST001514,Escrow,EUR,904870.13
ACC0001645,CUST008152,Current,USD,725175.18
ACC0001646,CUST004792,Current,INR,3928937.41
ACC0001647,CUST006846,Savings,INR,83267.77
ACC0001648,CUST003383,Current,AED,1032896.82
ACC0001649,CUST003058,Current,AED,433736.07
ACC0001650,CUST003709,Current,AED,1189259.14
ACC0001651,CUST004182,Current,GBP,4005952.76
ACC0001652,CUST004062,Current,INR,3534162.2
ACC0001653,CUST008457,Savings,USD,268990.19
ACC0001654,CUST003789,Current,USD,2940821.67
ACC0001655,CUST002338,Escrow,USD,2645892.44
ACC0001656,CUST007559,Current,USD,4572513.8
ACC0001657,CUST000670,Nostro,USD,4267137.41
ACC0001658,CUST008315,Escrow,EUR,2521883.83
ACC0001659,CUST000369,Current,INR,3706309.68
ACC0001660,CUST007933,Escrow,AED,2134796.8
ACC0001661,CUST002577,Escrow,EUR,3685795.37
ACC0001662,CUST009934,Escrow,AED,3914794.8
ACC0001663,CUST002445,Nostro,USD,4210693.57
ACC0001664,CUST009618,Current,USD,4576852.08
ACC0001665,CUST005287,Nostro,INR,1129309.33
ACC0001666,CUST007546,Nostro,GBP,2686068.89
ACC0001667,CUST005491,Current,AED,1793530.6
ACC0001668,CUST004608,Savings,USD,1026296.99
ACC0001669,CUST004187,Current,USD,1865338.13
ACC0001670,CUST009117,Nostro,GBP,4571947.39
ACC0001671,CUST000153,Savings,INR,2218903.91
ACC0001672,CUST000023,Escrow,GBP,2677385.94
ACC0001673,CUST003988,Current,GBP,3009292.41
ACC0001674,CUST009755,Escrow,GBP,3371272.44
ACC0001675,CUST006503,Current,AED,3727407.56
ACC0001676,CUST002208,Nostro,GBP,2497342.36
ACC0001677,CUST008125,Escrow,GBP,1181281.54
ACC0001678,CUST008380,Current,EUR,3969595.16
ACC0001679,CUST008797,Savings,GBP,949785.2
ACC0001680,CUST004512,Escrow,AED,398926.4
ACC0001681,CUST001835,Current,INR,3965604.51
ACC0001682,CUST002477,Current,AED,2601302.42
ACC0001683,CUST007870,Nostro,GBP,2107320.22
ACC0001684,CUST003302,Current,EUR,2799205.89
ACC0001685,CUST001456,Nostro,INR,1941944.77
ACC0001686,CUST001883,Current,EUR,236272.12
ACC0001687,CUST004439,Nostro,GBP,580400.66
ACC0001688,CUST006173,Nostro,AED,4361931.24
ACC0001689,CUST003912,Current,EUR,3473720.46
ACC0001690,CUST006976,Current,AED,68869.6
ACC0001691,CUST007845,Nostro,AED,4790709.16
ACC0001692,CUST004807,Savings,GBP,807476.44
ACC0001693,CUST006703,Escrow,INR,2997647.63
ACC0001694,CUST001021,Escrow,GBP,4125189.06
ACC0001695,CUST007989,Savings,AED,122840.52
ACC0001696,CUST008668,Escrow,GBP,963537.57
ACC0001697,CUST008741,Savings,USD,3629518.73
ACC0001698,CUST003416,Nostro,AED,4639042.24
ACC0001699,CUST005920,Current,USD,954269.45
ACC0001700,CUST001134,Escrow,AED,1863870.74
ACC0001701,CUST004398,Savings,USD,1223873.07
ACC0001702,CUST004520,Escrow,AED,1097334.57
ACC0001703,CUST005833,Current,EUR,3085850.82
ACC0001704,CUST009038,Savings,EUR,4061685.24
ACC0001705,CUST007759,Escrow,USD,3800545.71
ACC0001706,CUST005047,Savings,AED,4985730.16
ACC0001707,CUST001979,Nostro,USD,2327153.44
ACC0001708,CUST001821,Escrow,AED,2127635.46
ACC0001709,CUST006820,Nostro,GBP,1797199.03
ACC0001710,CUST003572,Savings,AED,1304495.04
ACC0001711,CUST003329,Nostro,EUR,2163247.15
ACC0001712,CUST009795,Escrow,GBP,3706018.71
ACC0001713,CUST004365,Nostro,INR,2089401.46
ACC0001714,CUST008483,Nostro,USD,1700664.41
ACC0001715,CUST002647,Savings,EUR,2909567.92
ACC0001716,CUST000090,Current,INR,490662.47
ACC0001717,CUST008863,Escrow,USD,567385.65
ACC0001718,CUST003110,Savings,INR,4601179.36
ACC0001719,CUST000587,Current,GBP,4831485.15
ACC0001720,CUST005595,Escrow,USD,3328151.16
ACC0001721,CUST008797,Escrow,INR,2040270.47
ACC0001722,CUST000782,Current,AED,4107424.38
ACC0001723,CUST001145,Current,USD,4712092.61
ACC0001724,CUST007065,Nostro,INR,3451423.78
ACC0001725,CUST009710,Nostro,AED,160857.25
ACC0001726,CUST005919,Current,AED,4095279.21
ACC0001727,CUST000761,Nostro,EUR,4541680.96
ACC0001728,CUST003954,Nostro,INR,1178158.34
ACC0001729,CUST001982,Nostro,AED,2300170.73
ACC0001730,CUST004806,Current,EUR,1118924.52
ACC0001731,CUST002704,Nostro,GBP,2032308.5
ACC0001732,CUST003663,Savings,EUR,2038438.79
ACC0001733,CUST000081,Savings,USD,1678363.81
ACC0001734,CUST001520,Escrow,AED,3288259.41
ACC0001735,CUST001731,Current,AED,872027.58
ACC0001736,CUST008759,Current,USD,137250.29
ACC0001737,CUST005285,Current,INR,775576.55
ACC0001738,CUST001408,Current,GBP,4501952.89
ACC0001739,CUST008536,Current,GBP,2299030.43
ACC0001740,CUST009420,Escrow,INR,3540973.34
ACC0001741,CUST006177,Savings,USD,4884692.97
ACC0001742,CUST003555,Current,AED,1278294.99
ACC0001743,CUST009449,Escrow,EUR,4745942.45
ACC0001744,CUST008629,Nostro,GBP,987787.16
ACC0001745,CUST006316,Nostro,GBP,2530231.42
ACC0001746,CUST005312,Nostro,EUR,4197606.2
ACC0001747,CUST007813,Savings,USD,1098450.73
ACC0001748,CUST000162,Current,USD,3642750.97
ACC0001749,CUST004464,Escrow,INR,1906030.88
ACC0001750,CUST006636,Savings,USD,1422483.22
ACC0001751,CUST002894,Nostro,USD,3724501.72
ACC0001752,CUST000766,Current,USD,3167275.59
ACC0001753,CUST001461,Nostro,INR,3760225.71
ACC0001754,CUST001780,Current,USD,2938582.24
ACC0001755,CUST002199,Current,EUR,3319084.81
ACC0001756,CUST008236,Current,AED,2475462.3
ACC0001757,CUST004785,Current,GBP,1932402.54
ACC0001758,CUST006818,Escrow,USD,2253192.74
ACC0001759,CUST008088,Current,GBP,3836055.19
ACC0001760,CUST003862,Escrow,USD,3827451.68
ACC0001761,CUST007471,Nostro,INR,1276534.47
ACC0001762,CUST006124,Savings,GBP,1757943.5
ACC0001763,CUST004305,Escrow,USD,630542.88
ACC0001764,CUST008773,Nostro,EUR,3814891.74
ACC0001765,CUST006629,Escrow,INR,282434.73
ACC0001766,CUST007979,Nostro,AED,7770.06
ACC0001767,CUST001495,Savings,EUR,539792.87
ACC0001768,CUST003710,Nostro,AED,491223.74
ACC0001769,CUST001659,Nostro,INR,2720569.68
ACC0001770,CUST006076,Nostro,INR,288959.84
ACC0001771,CUST008350,Escrow,GBP,2173936.4
ACC0001772,CUST009046,Nostro,EUR,2816120.32
ACC0001773,CUST004438,Nostro,AED,4293257.88
ACC0001774,CUST006191,Escrow,EUR,1803104.76
ACC0001775,CUST007020,Current,USD,1229961.64
ACC0001776,CUST000284,Current,INR,3774099.68
ACC0001777,CUST005372,Savings,USD,3062042.77
ACC0001778,CUST004813,Current,INR,1786895.47
ACC0001779,CUST007909,Escrow,USD,2968082.01
ACC0001780,CUST004429,Savings,INR,491665.35
ACC0001781,CUST001790,Escrow,USD,3885201.89
ACC0001782,CUST000691,Nostro,USD,1279177.82
ACC0001783,CUST003071,Current,AED,4620906.82
ACC0001784,CUST004868,Current,AED,2737981.2
ACC0001785,CUST005890,Escrow,EUR,3637433.44
ACC0001786,CUST007777,Savings,GBP,552365.66
ACC0001787,CUST003924,Escrow,USD,1040016.38
ACC0001788,CUST007487,Savings,GBP,2465368.68
ACC0001789,CUST003473,Escrow,INR,2505936.22
ACC0001790,CUST007641,Nostro,AED,2487120.76
ACC0001791,CUST009705,Nostro,USD,3720523.6
ACC0001792,CUST005956,Savings,GBP,2667795.77
ACC0001793,CUST004045,Nostro,GBP,3177210.44
ACC0001794,CUST009348,Nostro,INR,1574960.14
ACC0001795,CUST001727,Nostro,USD,2105309.93
ACC0001796,CUST000886,Nostro,USD,2738243.66
ACC0001797,CUST002084,Nostro,USD,11886.92
ACC0001798,CUST008857,Nostro,AED,3784052.05
ACC0001799,CUST000534,Escrow,GBP,3251828.45
ACC0001800,CUST004890,Nostro,USD,1814271.29
ACC0001801,CUST000817,Escrow,AED,960929.23
ACC0001802,CUST008141,Nostro,EUR,2870082.4
ACC0001803,CUST000799,Current,GBP,4781762.93
ACC0001804,CUST000275,Current,EUR,1010793.9
ACC0001805,CUST005567,Nostro,GBP,1358114.72
ACC0001806,CUST000111,Nostro,USD,4844944.67
ACC0001807,CUST009881,Escrow,GBP,1195042.82
ACC0001808,CUST000753,Nostro,EUR,2054850.96
ACC0001809,CUST008231,Current,AED,2764105.79
ACC0001810,CUST006495,Savings,GBP,271496.01
ACC0001811,CUST001602,Savings,GBP,1540217.56
ACC0001812,CUST000495,Savings,EUR,1812304.08
ACC0001813,CUST004290,Escrow,INR,622834.38
ACC0001814,CUST004521,Savings,AED,1698139.17
ACC0001815,CUST003937,Savings,EUR,2879369.87
ACC0001816,CUST006240,Savings,GBP,178001.5
ACC0001817,CUST001682,Current,INR,1344494.26
ACC0001818,CUST004884,Current,GBP,1945094.4
ACC0001819,CUST006466,Nostro,USD,4533924.59
ACC0001820,CUST009497,Savings,INR,3101334.56
ACC0001821,CUST006731,Escrow,USD,1549841.09
ACC0001822,CUST002037,Escrow,EUR,4329989.95
ACC0001823,CUST006125,Nostro,EUR,2248399.41
ACC0001824,CUST003116,Current,GBP,1794272.9
ACC0001825,CUST004846,Savings,EUR,4998355.16
ACC0001826,CUST003638,Savings,INR,3002919.12
ACC0001827,CUST003468,Current,USD,3430671.77
ACC0001828,CUST000768,Current,INR,3409937.91
ACC0001829,CUST000667,Savings,AED,2445735.44
ACC0001830,CUST003133,Current,INR,4735781.09
ACC0001831,CUST008184,Current,AED,3456715.07
ACC0001832,CUST009044,Escrow,INR,3468068.86
ACC0001833,CUST006821,Escrow,EUR,2546941.98
ACC0001834,CUST008308,Nostro,USD,4114276.77
ACC0001835,CUST001449,Escrow,GBP,162878.13
ACC0001836,CUST008896,Savings,USD,4494158.38
ACC0001837,CUST001082,Savings,EUR,701775.17
ACC0001838,CUST004808,Current,INR,4223732.05
ACC0001839,CUST004415,Current,GBP,1524769.62
ACC0001840,CUST009764,Savings,GBP,1883324.46
ACC0001841,CUST008466,Nostro,EUR,3282245.69
ACC0001842,CUST008442,Nostro,USD,2962910.05
ACC0001843,CUST003518,Escrow,USD,4898067.27
ACC0001844,CUST008475,Current,INR,4095882.41
ACC0001845,CUST005510,Savings,GBP,2606267.65
ACC0001846,CUST009357,Escrow,USD,4326717.39
ACC0001847,CUST000578,Savings,USD,4199767.54
ACC0001848,CUST000579,Savings,INR,558701.76
ACC0001849,CUST009967,Savings,EUR,3282148.59
ACC0001850,CUST006532,Current,INR,2456259.7
ACC0001851,CUST008315,Nostro,GBP,3448348.6
ACC0001852,CUST005956,Nostro,INR,1728390.31
ACC0001853,CUST008912,Current,EUR,4241646.25
ACC0001854,CUST006176,Current,GBP,796511.55
ACC0001855,CUST006870,Savings,GBP,1528738.97
ACC0001856,CUST006749,Escrow,EUR,3811027.43
ACC0001857,CUST000051,Nostro,INR,434566.68
ACC0001858,CUST008213,Current,INR,3158582.46
ACC0001859,CUST002928,Escrow,GBP,3089807.19
ACC0001860,CUST003325,Nostro,AED,2383086.89
ACC0001861,CUST008620,Nostro,EUR,1329929.12
ACC0001862,CUST006093,Savings,EUR,1694208.93
ACC0001863,CUST003520,Current,EUR,2441930.52
ACC0001864,CUST009572,Current,INR,1814027.28
ACC0001865,CUST003783,Escrow,USD,4957301.99
ACC0001866,CUST006719,Nostro,EUR,1120350.15
ACC0001867,CUST003414,Escrow,USD,4776194.43
ACC0001868,CUST003138,Nostro,AED,2766725.54
ACC0001869,CUST001216,Current,INR,3799948.3
ACC0001870,CUST000508,Current,USD,1254142.35
ACC0001871,CUST000364,Current,USD,2246491.63
ACC0001872,CUST006153,Current,EUR,4807578.85
ACC0001873,CUST002177,Nostro,AED,1852581.3
ACC0001874,CUST007715,Escrow,GBP,1491999.88
ACC0001875,CUST001592,Savings,AED,1553550.51
ACC0001876,CUST004703,Savings,INR,2420581.49
ACC0001877,CUST002875,Escrow,GBP,3847014.84
ACC0001878,CUST002434,Current,AED,1281407.93
ACC0001879,CUST004707,Escrow,AED,3618364.99
ACC0001880,CUST001414,Savings,EUR,2399658.9
ACC0001881,CUST007155,Current,EUR,2625010.5
ACC0001882,CUST004827,Current,USD,1919478.17
ACC0001883,CUST003859,Savings,EUR,4399168.1
ACC0001884,CUST005056,Current,GBP,1752339.17
ACC0001885,CUST005639,Current,AED,2328297.56
ACC0001886,CUST003458,Savings,INR,3017352.13
ACC0001887,CUST008543,Escrow,INR,1109355.64
ACC0001888,CUST008421,Savings,GBP,4205876.59
ACC0001889,CUST009707,Nostro,USD,2481334.72
ACC0001890,CUST004787,Escrow,USD,1388819.78
ACC0001891,CUST005011,Escrow,USD,4029816.96
ACC0001892,CUST004826,Escrow,GBP,2405030.27
ACC0001893,CUST009327,Escrow,GBP,2838503.05
ACC0001894,CUST004087,Current,INR,72810.79
ACC0001895,CUST006101,Savings,USD,3596539.45
ACC0001896,CUST008703,Current,GBP,4416131.53
ACC0001897,CUST009583,Nostro,AED,2662948.6
ACC0001898,CUST002687,Savings,EUR,3989253.92
ACC0001899,CUST009190,Escrow,EUR,165946.97
ACC0001900,CUST009055,Savings,USD,741145.64
ACC0001901,CUST006086,Current,INR,1232373.13
ACC0001902,CUST009596,Nostro,USD,863696.92
ACC0001903,CUST004334,Nostro,GBP,2248215.62
ACC0001904,CUST003425,Current,EUR,2010941.32
ACC0001905,CUST001683,Current,INR,4969072.18
ACC0001906,CUST003516,Savings,GBP,2349385.36
ACC0001907,CUST007880,Savings,INR,2555834.05
ACC0001908,CUST004793,Current,GBP,902899.06
ACC0001909,CUST003651,Escrow,GBP,2191437.22
ACC0001910,CUST004518,Nostro,GBP,4958550.6
ACC0001911,CUST006130,Current,EUR,3798523.12
ACC0001912,CUST003798,Savings,INR,336382.44
ACC0001913,CUST005550,Nostro,AED,2278060.94
ACC0001914,CUST006044,Escrow,AED,452297.81
ACC0001915,CUST006088,Current,EUR,1955254.41
ACC0001916,CUST005787,Nostro,INR,3953528.62
ACC0001917,CUST002377,Escrow,GBP,771278.8
ACC0001918,CUST003551,Escrow,INR,4453237.2
ACC0001919,CUST007868,Current,GBP,4691518.68
ACC0001920,CUST002624,Savings,USD,3036838.93
ACC0001921,CUST004654,Nostro,USD,4731351.11
ACC0001922,CUST009245,Escrow,GBP,407169.89
ACC0001923,CUST004622,Nostro,INR,2736411.52
ACC0001924,CUST000256,Nostro,GBP,4278644.87
ACC0001925,CUST000458,Nostro,USD,2588881.91
ACC0001926,CUST000223,Nostro,USD,95532.29
ACC0001927,CUST007639,Escrow,INR,3480445.6
ACC0001928,CUST009687,Current,AED,2315482.26
ACC0001929,CUST008880,Escrow,GBP,3692387.72
ACC0001930,CUST001307,Savings,INR,526941.61
ACC0001931,CUST008186,Current,AED,2296584.89
ACC0001932,CUST001254,Nostro,EUR,4541477.64
ACC0001933,CUST009578,Current,EUR,4238020.93
ACC0001934,CUST001104,Escrow,GBP,2168147.9
ACC0001935,CUST000805,Escrow,EUR,2461562.18
ACC0001936,CUST008960,Nostro,INR,3657501.77
ACC0001937,CUST009019,Savings,INR,1006933.85
ACC0001938,CUST009121,Nostro,USD,3273897.19
ACC0001939,CUST005996,Escrow,AED,1494914.47
ACC0001940,CUST000989,Current,GBP,4739577.36
ACC0001941,CUST004726,Current,GBP,4700890.89
ACC0001942,CUST006537,Nostro,INR,528876.51
ACC0001943,CUST009063,Current,INR,1902911.41
ACC0001944,CUST008032,Escrow,USD,1359542.93
ACC0001945,CUST000912,Nostro,INR,3488582.78
ACC0001946,CUST006616,Escrow,EUR,1872849.97
ACC0001947,CUST001641,Escrow,AED,1582654.85
ACC0001948,CUST000398,Savings,USD,469751.13
ACC0001949,CUST003290,Nostro,USD,3431963.03
ACC0001950,CUST009179,Savings,AED,3270610.07
ACC0001951,CUST006269,Nostro,EUR,475898.44
ACC0001952,CUST003603,Nostro,EUR,110017.58
ACC0001953,CUST001743,Escrow,AED,4894683.4
ACC0001954,CUST005696,Current,USD,842207.44
ACC0001955,CUST004439,Current,USD,1106279.44
ACC0001956,CUST007293,Savings,INR,1015416.22
ACC0001957,CUST001889,Nostro,EUR,1962617.01
ACC0001958,CUST000842,Nostro,INR,2869186.36
ACC0001959,CUST003015,Escrow,USD,4521690.48
ACC0001960,CUST002630,Savings,GBP,3903439.19
ACC0001961,CUST009304,Nostro,USD,2211196.84
ACC0001962,CUST002755,Current,INR,3621474.85
ACC0001963,CUST009008,Nostro,USD,906657.64
ACC0001964,CUST007289,Savings,EUR,4009763.99
ACC0001965,CUST000659,Escrow,EUR,2315277.41
ACC0001966,CUST004493,Current,GBP,4690575.68
ACC0001967,CUST008156,Savings,INR,1202908.76
ACC0001968,CUST005303,Savings,EUR,3876527.41
ACC0001969,CUST006136,Current,AED,3840016.87
ACC0001970,CUST008463,Savings,INR,3590254.9
ACC0001971,CUST009187,Savings,AED,1302145.12
ACC0001972,CUST002016,Escrow,INR,1391693.42
ACC0001973,CUST009486,Escrow,EUR,745249.28
ACC0001974,CUST004892,Savings,EUR,3600768.71
ACC0001975,CUST001382,Current,EUR,4538502.58
ACC0001976,CUST003478,Escrow,AED,2615377.63
ACC0001977,CUST000480,Current,GBP,3775775.64
ACC0001978,CUST007331,Savings,INR,833420.88
ACC0001979,CUST008695,Savings,USD,2891695.37
ACC0001980,CUST009217,Escrow,INR,3835473.91
ACC0001981,CUST007215,Escrow,INR,4308239.04
ACC0001982,CUST005178,Savings,GBP,3430759.24
ACC0001983,CUST004383,Nostro,USD,436799.99
ACC0001984,CUST002070,Savings,USD,473660.03
ACC0001985,CUST003520,Escrow,EUR,3265821.47
ACC0001986,CUST004326,Current,INR,2943601.79
ACC0001987,CUST005582,Nostro,USD,2484802.84
ACC0001988,CUST009654,Savings,INR,3459272.95
ACC0001989,CUST008423,Current,AED,303674.34
ACC0001990,CUST004564,Savings,INR,4573381.94
ACC0001991,CUST001715,Nostro,AED,3912194.7
ACC0001992,CUST003560,Current,GBP,3733768.7
ACC0001993,CUST005033,Nostro,INR,3949321.86
ACC0001994,CUST009001,Savings,EUR,3184913.44
ACC0001995,CUST009815,Escrow,AED,1844153.23
ACC0001996,CUST009083,Current,AED,4799746.99
ACC0001997,CUST004590,Nostro,EUR,3277605.3
ACC0001998,CUST004232,Savings,USD,950195.65
ACC0001999,CUST008803,Escrow,GBP,825830.99
ACC0002000,CUST005484,Current,GBP,2038112.43
